0,MONTAGUE RD
1, APD - MAIN ST
1314, MAIN ST
1315, ROLLING GREEN 77 - BELCHERTOWN RD
1316, JOHN NUTTING APT 34 - CHESTNUT CT
1317, JOHN NUTTING APTS 34 - CHESTNUT CT
1318, ROLLING GREEN 78 - BELCHERTOWN RD
1322, EDGEHILL PL
1325, PULPIT HILL RD
1326, CHESTNUT CT APTS 31 - CHESTNUT CT
1327, ALPINE COMMONS - BELCHERTOWN RD
1328, FEARING ST
1329, OWEN DR
1332, ROLLING GREEN 80 - BELCHERTOWN RD
1334, COLLEGE ST
1335, GLENDALE RD
1336, ANN WHALEN APTS (CONTACTS) - KELLOGG AVE
1346, MCCLELLAN ST
1348, SOUTH EAST ST
1349, APPLEWOOD - SPENCER DR
1350, COOLEY DICKINSON HOSPITAL OFFICE - UNIVERSITY DR
1352, GRANTWOOD DR
1358, CLARK HOUSE - LESSEY ST
1370, SOUTH PLEASANT ST
1371, BAY RD
1373, GREENWICH RD
1377, HALLOCK ST
1378, HARVARD AVE
1380, HEDGEROW LN
1382, HENRY ST
1383, HIGH ST
1384, CHESTNUT CT APTS 9 - CHESTNUT CT
1385, SOUTH PROSPECT ST
1387, CARRIAGE LN
1388, CHERRY HILL GOLF COURSE - MONTAGUE RD
1391, MEADOW ST
1393, PHILLIPS ST
1405, ASPEN CHASE 4 - MAIN ST
1406, VAN METER DR
1409, HOBART LN
1412, KELLOGG AVE
1413, EAST PLEASANT ST
1415, VALLEY LN
1418, JOHN NUTTING APTS 32 - CHESTNUT CT
1421, JOHN NUTTING APTS 36 - CHESTNUT CT
1427, NORTH PLEASANT ST
1437, SUTTON CT
1438, TRIANGLE ST
1451, SUNSET AVE
1453, WEST ST
1454, HOBART LANE - HOBART LN
1462, ROLLING GREEN 89 - BELCHERTOWN RD
1473, CHESTNUT CT APTS 8 - CHESTNUT CT
1475, PINE ST
1484, NORTHAMPTON RD
1485, HUNTER HILL CIR
1486, WILBURN CHIROPRATIC - COLLEGE ST
1488, SWEETSER PARK - MAIN ST
1492, WEST POMEROY LN
1495, JENKS ST
1497, 6 UNIVERSITY DR - UNIVERSITY DR
1498, JEAN ELDER 6 - CHESTNUT ST
1500, LEVERETT RD
1503, LINCOLN AVE
1505, LOGTOWN RD
1507, LONGMEADOW DR
1513, EMBODIED CHIROPRATIC - MAIN ST
1514, SUMMER ST
1516, MARKET HILL RD
1529, MCCLURE ST
1563, OVERLOOK DR
1564, HOP BROOK RD
1565, WINSTON CT
1571, AMITY PL CONDO 28 - AMITY PL
1572, MIDDLE ST
1577, MATT LEITL - MIDDLE ST
1579, MT HOLYOKE DR
1593, AMHERST REALTY - MAIN ST
1594, ROLLING GREEN 98 - BELCHERTOWN RD
1597, CURTIS PL
1598, AMITY STREET LOT - AMITY ST
1599, PRAY STREET LOT - PRAY ST
1605, ROSEMARY ST
1613, ROLLING GREEN 99 - BELCHERTOWN RD
1616, NUTTING AVE
1621, OLD FARM RD
1622, OLD TOWN RD
1623, PELHAM RD
1630, POTWINE LN
1631, PONDVIEW DR
1632, RAILROAD ST
1634, SALEM ST
1635, SAND HILL RD
1639, MONTAGUE RD
1642, ASPEN CHASE CONTACTS - MAIN ST
1645, SOUTH WHITNEY ST
1646, SPAULDING ST
1647, RUSSELL'S LIQUORS INC - MAIN ST
1664, STRONG ST
1669, SUMMERFIELD RD
1670, LEONARD FARM - SUNDERLAND RD
1679, SUNRISE AVE
1681, NORTH PLEASANT/STOCKBRIDGE - NORTH PLEASANT ST
1682, JOHN NUTTING APTS 35 - CHESTNUT CT
1684, SUNDERLAND RD
1693, AMERICAN LEGION - AMITY ST
1698, CHESTNUT CT APTS 6 - CHESTNUT CT
1703, EATON CT
1705, BARRETT HALL (AMHERST COLLEGE) - BARRETT HILL RD
1706, ALLEN ST
1710, COMMUNITY ACTION FRANKLIN/HAMPSHIRE/QUABBIN - NORTH PLEASANT ST
1711, BANK OF AMERICA ATM - UNIVERSITY DR
1712, BEDFORD CT
1713, PALLEY VILLAGE - PALLEY VILLAGE PL
1718, TOWNEHOUSE APARTMENTS (OFFICE) - MEADOW ST
1730, ECHO VLG 105 - GATEHOUSE RD
1731, ECHO VLG 202 - GATEHOUSE RD
1732, CHESTNUT CT APTS 12 - CHESTNUT CT
1733, POMEROY LANE COOP - POMEROY LN
1740, FORMOSA (OLD AMHERST CHINESE) - MAIN ST
1742, LINCOLN APTS 411 - LINCOLN AVE
1743, LINCOLN APTS 612 - LINCOLN AVE
1744, AMHERST COLLEGE CAMPUS POLICE - EAST DR
1747, AMHERST COMMUNITY CHILD CARE - STRONG ST
1750, ACTV - COLLEGE ST
1751, ECHO VLG APARTMENTS - GATEHOUSE RD
1752, GREENLEAVES DR
1753, TAYLOR ST
1755, CHESTNUT CT APTS 2 - CHESTNUT CT
1756, CHESTNUT CT APTS 10 - CHESTNUT CT
1757, CHESTNUT CT APTS 17 - CHESTNUT CT
1763, CHESTNUT CT APTS 26 - CHESTNUT CT
1764, BELCHERTOWN RD
1770, SOUTH EAST/EVENINGSTAR DR - EVENINGSTAR DR
1772, PALLEY VILLAGE PL
1773, CHESTNUT ST
1774, ROLLING GREEN OFFICE CONTACTS - BELCHERTOWN RD
1780, ST BRIGIDS RECTORY - NORTH PLEASANT ST
1782, AMHERST FARMERS SUPPLY - SOUTH PLEASANT ST
1787, WINSTON COURT 6 - WINSTON CT
1788, SPRING ST
1789, PODICK CONSERVATION AREA - SUNDERLAND RD
1793, POST OFFICE/NORTH AMHERST - MONTAGUE RD
1798, BRIDGE ST
1799, SUPER CUTS - UNIVERSITY DR
1801, MONTAGUE/NORTH PLEASANT - MONTAGUE RD
1815, AMHERST GOLF CLUB - SOUTH PLEASANT ST
1821, POMEROY LN COOP 15 - POMEROY LN
1823, CT VALLEY ORAL SURGERY - UNIVERSITY DR
1824, RISE - MEADOW ST
1829, COLONIAL VILLAGE APTS - BELCHERTOWN RD
1832, AMHERST COFFEE - AMITY ST
1834, TAMARACK DR
1836, HEATHERSTONE RD
1837, AMHERST HISTORICAL SOCIETY MUSEUM - AMITY ST
1838, DUNKIN DONUTS - UNIVERSITY DR
1847, NORTH A (UMASS) - EASTMAN LN
1848, NORTH PLEASANT/INFIRMARY WAY - NORTH PLEASANT ST
1849, BUS STOP - FINE ARTS CENTER (UMASS) - NORTH PLEASANT ST
1853, TAN BROOK H - EAST PLEASANT ST
1854, BUS STOP - COWLES LANE - NORTH PLEASANT ST
1860, BUS STOP - FEARING (INBOUND) - NORTH PLEASANT ST
1861, BUS STOP - AMHERST COLLEGE - BOLTWOOD AVE
1864, BUS STOP - POST OFFICE (APO) - NORTH PLEASANT ST
1870, BUS STOP - TOWN HALL - MAIN ST
1873, BUS STOP - COLONIAL VILLAGE (INBOUND) - BELCHERTOWN RD
1874, GREENLEAVES BLDG 23 APT 124 - GREENLEAVES DR
1875, AMHERST INTERNAL MEDICINE - UNIVERSITY DR
1876, BUS STOP - MORRILL - NORTH PLEASANT ST
1877, SIGMA DELTA TAU - NORTH PLEASANT ST
1882, BUS STOP - PRAY STREET (INBOUND) - EAST PLEASANT ST
1883, BUS STOP - PRAY STREET (OUTBOUND) - EAST PLEASANT ST
1885, BUS STOP - PUFFTON 1 - NORTH PLEASANT ST
1886, AMHERST LANDFILL - BELCHERTOWN RD
1888, BUS STOP - TOWNEHOUSE (INBOUND) - MEADOW ST
1889, BUS STOP - BOULDERS - EAST HADLEY RD
1891, VESPA - AMITY ST
1894, SIGMA KAPPA - ALLEN ST
1895, GREENLEAVES BLDG 24 APT 405 - GREENLEAVES DR
1897, AMHERST LAUNDROMAT - COLLEGE ST
1904, GREENLEAVES BLDG 24 APT 410 - GREENLEAVES DR
1907, ELEMENTS HOT TUB SPA - MAIN ST
1908, POMEROY LN COOP 20 - POMEROY LN
1910, POMEROY LN COOP 26 - POMEROY LN
1911, . - NORTH PLEASANT ST
1913, STANLEY ST
1930, MERCY HOUSE CHURCH - NORTH PLEASANT ST
1931, SIMPLE GIFTS FARM - NORTH PLEASANT ST
1932, 1ST FLOOR - SOUTH PROSPECT ST
1935, 2ND FLOOR - SOUTH PROSPECT ST
1937, 3RD FLOOR - SOUTH PROSPECT ST
1939, KENDRICK PARK - EAST PLEASANT ST
1947, SALEM PLACE CONDOS - MAIN ST
1948, ZIOMEK FIELD - MATTOON ST
1951, HAMPSHIRE VLG 23 - AUTUMN LN
1954, HAMPSHIRE VLG 31 - AUTUMN LN
1955, AMHERST CINEMA - AMITY ST
1956, CENTER FOR EXTENDED CARE - UNIVERSITY DR
1978, MAPLEWOOD DR
1979, ROPES COURSE - WEST ST
1989, BUS STOP - ASPEN CHASE (OUTBOUND) - MAIN ST
1990, BUS STOP - ASPEN CHASE (INBOUND) - MAIN ST
1992, BELCHERTOWN/HALL - BELCHERTOWN RD
1995, VLY MAIN ST APTS BLDG 1 APT 3 - MAIN ST
1996, PARKING GARAGE - BOLTWOOD WALK
2025, GREENLEAVES BLDG 25 - GREENLEAVES DR
2026, SOUTH AMHERST TOWN COMMON - SOUTH EAST ST
2029, GREENLEAVES BLDG 26 APT 630 - GREENLEAVES DR
2030, SOUTH EAST STREET CEMETARY - SOUTH EAST ST
2031, AMITY PL CONDO 35 - AMITY PL
2032, COWLS - NEW SAW MILL - COWLS RD
2033, LAWRENCE CIR
2034, BUS STOP - BRUNOS - MAIN ST
2035, ARMS - CHESTNUT ST
2065, CATHEDRAL APTS 4 - NORTH PLEASANT ST
2066, VLY MAIN ST APTS BLDG 1 APT 7 - MAIN ST
2068, NOT BREAD ALONE SOUP KITCHEN - MAIN ST
2083, ARBORS
2089, ARBORS 200
2090, PUFFTON VILLAGE 101 - NORTH PLEASANT ST
2091, MAIN/RAILROAD - MAIN ST
2092, AMHERST OFFICE PARK - WEST ST
2093, PUFFTON VILLAGE 107 - NORTH PLEASANT ST
2094, CHADWICK CT
2097, PUFFTON VILLAGE 108 - NORTH PLEASANT ST
2100, DECKER & METEVIA
2101, COLLEGE ST APTS - COLLEGE ST
2102, HAMPSHIRE VLG 9 - AUTUMN LN
2105, AMHERST NURSERY - BELCHERTOWN RD
2106, SOUTH MIDDLE/BAY - SOUTH MIDDLE ST
2108, PUFFTON VILLAGE 14 - NORTH PLEASANT ST
2109, PVTA TRANSIT FACILITY (UMASS) - HOLDSWORTH WAY
2111, HAMPSHIRE VLG 48 - AUTUMN LN
2112, PUFFTON VILLAGE 19 - NORTH PLEASANT ST
2113, MT POLLUX/SOUTH EAST - SOUTH EAST ST
2115, PINE HOLLOW 15 - PINE ST
2116, UNIVERSITY LODGE (CONTACTS) - NORTH PLEASANT ST
2117, UNIVERSITY LODGE - NORTH PLEASANT ST
2122, UNIVERSITY LODGE 6 - NORTH PLEASANT ST
2123, VERIZON BUILDING - FEARING ST
2125, PUFFTON VILLAGE 203 - NORTH PLEASANT ST
2127, PIONEER VLY COHOUSING - ANNEX BLDG - PULPIT HILL RD
2128, PUFFTON VILLAGE 204 - NORTH PLEASANT ST
2129, COSBY AVE
2132, KAIJU - BOLTWOOD WALK
2133, MISS SAIGON - NORTH PLEASANT ST
2135, WILD SIDE SMOKE SHOP - COLLEGE ST
2137, ERNIE'S TOWING - MONTAGUE RD
2144, EAST PLEASANT/OWEN DR - EAST PLEASANT ST
2146, OWEN DR / EAST PLEASANT ST - EAST PLEASANT ST
2148, SEI BELLA SALON - BOLTWOOD WALK
2150, GOODWILL - UNIVERSITY DR
2156, LINDEN RIDGE RD
2157, EAST LEVERETT RD
2158, HOMELESS SHELTER/CRAIG'S PLACE - NORTH PLEASANT ST
2256, PUFFTON VILLAGE OFFICE - NORTH PLEASANT ST
2280, BUTTERNUT FARM 6 - LONGMEADOW DR
2282, BUTTERNUT FARM 13 - LONGMEADOW DR
2283, BUTTERNUT FARM 14 - LONGMEADOW DR
2286, BUTTERNUT FARM 22 - LONGMEADOW DR
2287, BUTTERNUT FARM 27 - LONGMEADOW DR
2288, PUFFTON VILLAGE 213 - NORTH PLEASANT ST
2289, OLD FARM/KESTREL - OLD FARM RD
2290, CLUB LIT - BOLTWOOD WALK
2298, BOULDERS 142D - EAST HADLEY RD
2299, SHINE LAUNDRY (OLD COZY CORNER) - MONTAGUE RD
2300, PUFFTON VILLAGE 219 - NORTH PLEASANT ST
2302, HIGH HORSE - NORTH PLEASANT ST
2320, PUFFTON VILLAGE 233 - NORTH PLEASANT ST
2321, APARTMENT ABOVE SPIRIT HAUS - COLLEGE ST
2322, AMHERST PHARMACY - COLLEGE ST
2324, WEBSTER CT
2328, MILL VALLEY 722 - RIVERGLADE DR
2330, NORTH PLEASANT/NORTH RESIDENTIAL - NORTH PLEASANT ST
2331, BOLTWOOD PLACE CONDOS / RETAIL BLDG - BOLTWOOD WALK
2332, AMHERST PEDIATRICS - HALL DR
2334, INTEGRATED LEARNING CENTER - NORTH PLEASANT ST
2335, BRANDYWINE (OFFICE) - BRANDYWINE DR
2336, BRANDYWINE BLDG 1 - BRANDYWINE DR
2337, BRANDYWINE BLDG 9 - BRANDYWINE DR
2338, BRANDYWINE BLDG 11 - BRANDYWINE DR
2339, ATKINSON
2341, ALMADON - NORTH WHITNEY ST
2342, CRAIG'S DOORS OFFICE - NORTH PLEASANT ST
2343, ORIENTAL FLAVORS - SOUTH PLEASANT ST
2344, B. HOME - NORTH PLEASANT ST
2345, SOUTH AMHERST VETERINARY HOSPITAL - WEST ST
2349, COLONIAL VILLAGE CONTACTS - BELCHERTOWN RD
2352, PIONEER VALLEY DERMATOLOGY - COTTAGE ST
2355, LEISURE SERVICES - CHESTNUT ST
2357, . - SUNDERLAND RD
2364, PUFFTON VILLAGE 256 - NORTH PLEASANT ST
2365, POMEROY COMMONS 2D - WEST ST
2366, THE WORKS - NORTH PLEASANT ST
2372, KING CREEK QUEENS GREEN FARM - RUSSELLVILLE RD
2374, PUFFTON VILLAGE 258 - NORTH PLEASANT ST
2378, FLAT HILLS RD
2379, KENDRICK PLACE CONDOS/RETAIL BLDG/CONTACTS - EAST PLEASANT ST
2380, OLYMPIA OAKS 1 - OLYMPIA DR
2381, OLYMPIA OAKS - OLYMPIA DR
2385, OLYMPIA OAKS OFFICE - OLYMPIA DR
2386, OLYMPIA OAKS 6 - OLYMPIA DR
2387, OLYMPIA OAKS 7 - OLYMPIA DR
2388, OLYMPIA OAKS 11 - OLYMPIA DR
2390, OLYMPIA OAKS 13 - OLYMPIA DR
2391, OLYMPIA OAKS 17 - OLYMPIA DR
2392, OLYMPIA OAKS 21 - OLYMPIA DR
2393, OLYMPIA OAKS 26 - OLYMPIA DR
2394, OLYMPIA OAKS 34 - OLYMPIA DR
2404, OLYMPIA OAKS 35 - OLYMPIA DR
2405, OLYMPIA OAKS 37 - OLYMPIA DR
2408, OLYMPIA OAKS 39 - OLYMPIA DR
2421, OLYMPIA OAKS 41 - OLYMPIA DR
2422, OLYMPIA OAKS 42 - OLYMPIA DR
2424, CITY TIRE - COLLEGE ST
2425, TOWN HALL - BOLTWOOD AVE
2664, TROLLEY BARN - COWLS RD
2666, EXSCAPE SMOKE SHOP - NORTH PLEASANT ST
2668, OLYMPIA PLACE APTS - OLYMPIA DR
2670, AEROBICS AND FITNESS STUDIO - BELCHERTOWN RD
2671, PUFFTON VILLAGE 267 - NORTH PLEASANT ST
2672, KENDRICK PLACE 203 - EAST PLEASANT ST
2673, KENDRICK PLACE 302 - EAST PLEASANT ST
2674, KENDRICK PLACE 304 - EAST PLEASANT ST
2675, KENDRICK PLACE 402 - EAST PLEASANT ST
2676, KENDRICK PLACE 407 - EAST PLEASANT ST
2677, PRESIDENTIAL 99 - NORTH PLEASANT ST
2678, PRESIDENTIAL 86 - NORTH PLEASANT ST
2679, PRESIDENTIAL 87 - NORTH PLEASANT ST
2687, PRESIDENTIAL 95 - NORTH PLEASANT ST
2688, PRESIDENTIAL 96 - NORTH PLEASANT ST
2689, PRESIDENTIAL 111 - NORTH PLEASANT ST
2690, PRESIDENTIAL 116 - NORTH PLEASANT ST
2691, JAKES ( OLDBREAD & BUTTER RESTERAUNT) - COWLS RD
2692, ATKINS FARM (NORTH) - COWLS RD
2695, EAST PLEASANT/ WATER TOWERS - EAST PLEASANT ST
2697, TD BANK - TRIANGLE ST
2703, BRIDGE FAMILY RESOURCE - UNIVERSITY DR
2713, EVERSOURCE TRANSFER STATION - COLLEGE ST
2714, PUFFTON VILLAGE 28 - NORTH PLEASANT ST
2715, BUS STOP - VILLAGE PARK - EAST PLEASANT ST
2716, GREENLEAVES BLDG 27 APT 712 - GREENLEAVES DR
2717, GREENLEAVES BLDG 27 APT 721 - GREENLEAVES DR
2718, JEAN ELDER HOUSE (OFFICE) - CHESTNUT ST
2721, INSOMNIA COOKIES - MAIN ST
2725, NORTH PLEASANT/THATCHER WAY - NORTH PLEASANT ST
2726, WANDERLUST TATTOO - NORTH PLEASANT ST
2729, AUTOZONE - NORTHAMPTON RD
2732, LIBERTY TAX - COLLEGE ST
2733, OLYMPIA PLACE 116 - OLYMPIA DR
2734, OLYMPIA PLACE 202 - OLYMPIA DR
2735, OLYMPIA PLACE 411 - OLYMPIA DR
2736, OLYMPIA PLACE 508 - OLYMPIA DR
2738, DESIGN BUILDING (UMASS) - NORTH PLEASANT ST
2739, POMEROY LN COOP 19 - POMEROY LN
2740, AMHERST PSYCHIATRIC ASSOCIATES - UNIVERSITY DR
2741, SAXS LAB - POMEROY LN
2742, LILI'S RESTAURANT - NORTH PLEASANT ST
2748, GREENFIELD SAVINGS BANK - NORTH PLEASANT ST
2753, BUSINESS IMPROVEMENT DISTRICT - SOUTH PLEASANT ST
2754, NORTH UNIVERSITY/AMITY - NORTH UNIVERSITY DR
2755, CRESTVIEW (CONTACTS) - NORTH PLEASANT ST
2756, NYMBUS INC - GATEHOUSE RD
2758, CONTACTS 6-10 UNIVERSITY DR - UNIVERSITY DR
2759, TRIANGLE ST ROTARY - TRIANGLE ST
2768, AMHERST COMMUNITY CONNECTION - NORTH PLEASANT ST
2776, VERIZON BLDG (BLDG HAS #63 ON IT AS WELL) - SOUTH PROSPECT ST
2777, MUSANTE HEALTH CENTER - BOLTWOOD WALK
2778, KENDRICK PLACE APTS / RETAIL BLDG - EAST PLEASANT ST
2781, TOWNEHOUSE APARTMENTS - MEADOW ST
2785, GILL'S AUTO REPAIR - BELCHERTOWN RD
2786, KENDRICK PROPERTY MANAGEMENT - MAIN ST
2787, AMHERST BOYS AND GIRLS CLUB - COTTAGE ST
2791, ONE EAST PLEASANT 201 - EAST PLEASANT ST
2792, ONE EAST PLEASANT 224 - EAST PLEASANT ST
2793, ONE EAST PLEASANT 229 - EAST PLEASANT ST
2794, ONE EAST PLEASANT 232 - EAST PLEASANT ST
2795, PUFFTON VILLAGE 304 - NORTH PLEASANT ST
2797, ONE EAST PLEASANT 234 - EAST PLEASANT ST
2799, ONE EAST PLEASANT 301 - EAST PLEASANT ST
2800, ONE EAST PLEASANT 302 - EAST PLEASANT ST
2801, PUFFTON VILLAGE 305 - NORTH PLEASANT ST
2806, ONE EAST PLEASANT 314 - EAST PLEASANT ST
2807, ONE EAST PLEASANT 330 - EAST PLEASANT ST
2808, PUFFTON VILLAGE 308 - NORTH PLEASANT ST
2810, ONE EAST PLEASANT 404 - EAST PLEASANT ST
2811, ONE EAST PLEASANT 410 - EAST PLEASANT ST
2812, ONE EAST PLEASANT 411 - EAST PLEASANT ST
2813, ONE EAST PLEASANT 507 - EAST PLEASANT ST
2814, ONE EAST PLEASANT 510 - EAST PLEASANT ST
2815, ONE EAST PLEASANT 531 - EAST PLEASANT ST
2821, NORTH SQUARE APARTMENTS - COWLS RD
2823, NORTH SQUARE APTS BLDG 75 - COWLS RD
2827, SHARE COFFEE - NORTH PLEASANT ST
2829, PUFFTON VILLAGE 316 - NORTH PLEASANT ST
2830, PORTA (FORMERLY BERTUCCI'S) - EAST PLEASANT ST
2834, NORTH PROSPECT/HALLOCK
2836, . - COWLS RD
2837, POMEROY LN COOP 18 - POMEROY LN
2838, PUFFTON VILLAGE 317 - NORTH PLEASANT ST
2845, ATI PHYSICAL THERAPY - UNIVERSITY DR
2847, NORTH EAST ST
2849, NORTH SQUARE APTS - COWLS RD
2850, NORTH SQUARE APTS BLDG 85 - COWLS RD
2855, PUFFTON VILLAGE 320 - NORTH PLEASANT ST
2856, NORTH SQUARE BLDG 85 APT 124 - COWLS RD
2857, NORTH SQUARE BLDG 85 APT 204 - COWLS RD
2859, NORTH SQUARE BLDG 85 APT 207 - COWLS RD
2860, NORTH SQUARE BLDG 85 APT 307 - COWLS RD
2864, SEVENTY U DRIVE 308 - UNIVERSITY DR
2865, KESTREL LAND TRUST - NORTH PLEASANT ST
2867, TOWNHOUSE 73 - MEADOW ST
2869, COWLS RD
2871, PINE GROVE
2873, RT 116/HADLEY TOWN LINE - RTE 116
2874, HADLEY TOWN LINE/RTE 116 - RTE 116
2885, CONCORD WAY
2889, VIVI BUBBLE TEA - NORTH PLEASANT ST
2890, VIVI BUBLE TEA - NORTH PLEASANT ST
2893, HAMMER AND STAIN - MONTAGUE RD
2894, PUFFTON VILLAGE 345 - NORTH PLEASANT ST
2897, PUFFTON VILLAGE 350 - NORTH PLEASANT ST
2898, PUFFTON VILLAGE 360 - NORTH PLEASANT ST
2899, PUFFTON VILLAGE 366 - NORTH PLEASANT ST
2900, BOULDERS 117A1 - EAST HADLEY RD
2901, PUFFTON VILLAGE 374 - NORTH PLEASANT ST
2902, PUFFTON VILLAGE 38 - NORTH PLEASANT ST
2903, PUFFTON VILLAGE 385 - NORTH PLEASANT ST
2904, PUFFTON VILLAGE 390 - NORTH PLEASANT ST
2909, BOULDERS 147B - EAST HADLEY RD
2910, PUFFTON VILLAGE 394 - NORTH PLEASANT ST
2913, PUFFTON VILLAGE 395 - NORTH PLEASANT ST
2915, PUFFTON VILLAGE 4 - NORTH PLEASANT ST
2916, PUFFTON VILLAGE 404 - NORTH PLEASANT ST
2917, PUFFTON VILLAGE 49 - NORTH PLEASANT ST
2920, PUFFTON VILLAGE 5 - NORTH PLEASANT ST
2927, PUFFTON VILLAGE 50 - NORTH PLEASANT ST
2930, BOULDERS 147E - EAST HADLEY RD
2931, PUFFTON VILLAGE 512 - NORTH PLEASANT ST
2932, PUFFTON VILLAGE 519 - NORTH PLEASANT ST
2933, PUFFTON VILLAGE 520 - NORTH PLEASANT ST
2939, PUFFTON VILLAGE 522 - NORTH PLEASANT ST
2940, PUFFTON VILLAGE 526 - NORTH PLEASANT ST
2941, PUFFTON VILLAGE 54 - NORTH PLEASANT ST
2942, PUFFTON VILLAGE 542 - NORTH PLEASANT ST
2943, PUFFTON VILLAGE 546 - NORTH PLEASANT ST
2947, PUFFTON VILLAGE 553 - NORTH PLEASANT ST
2948, PUFFTON VILLAGE 559 - NORTH PLEASANT ST
2949, PUFFTON VILLAGE 77 - NORTH PLEASANT ST
2950, PUFFTON VILLAGE 78 - NORTH PLEASANT ST
2951, PUFFTON VILLAGE 81 - NORTH PLEASANT ST
2953, PUFFTON VILLAGE 88 - NORTH PLEASANT ST
2954, COLLEGE INN APTS (CONTACTS) - BELCHERTOWN RD
2959, COLLEGE STREET MOTORS - COLLEGE ST
2961, COMMON SCHOOL - SOUTH PLEASANT ST
2966, HASTINGS
2967, PI KAPPA PHI (FORMERLY ALPHA CHI OMEGA) - NUTTING AVE
2988, DUKES (OLD AMHERST TOWING - SUNDERLAND RD
2990, AMHERST COPY & DESIGN (FORMALLY COPY CAT) - EAST PLEASANT ST
2991, BOULDERS 151A - EAST HADLEY RD
2992, COUSIN'S MARKET - EAST PLEASANT ST
3000, CROCKER FARM SCHOOL - WEST ST
3018, CUMBERLAND FARMS - BELCHERTOWN RD
3072, CUMBERLAND FARMS - MONTAGUE RD
3086, CUSHMAN MARKET & CAFE - PINE ST
3087, CUSHMAN SCOTT CHILDREN'S CENTER - HENRY ST
3088, CVS - NORTH PLEASANT ST
3140, CVS - UNIVERSITY DR
3154, SPEEDWAY - WEST ST
3163, AMHERST TYPEWRITER SERVICES - NORTH PLEASANT ST
3164, AMHERST WINES & SPIRITS - COLLEGE ST
3170, ANTONIOS PIZZA - NORTH PLEASANT ST
3186, ATHENA'S PIZZA - UNIVERSITY DR
3187, ATKINS - WEST ST
3197, AMHERST BOOK - MAIN ST
3200, BANGS COMMUNITY CTR - BOLTWOOD WALK
3266, PEOPLE'S UNITED BANK - EAST PLEASANT ST
3272, AMHERST ICE CREAM SHOP - NORTH PLEASANT ST
3276, BIG GUY LIQUORS - MONTAGUE RD
3280, BIG Y - UNIVERSITY DR
3332, BIOSHELTERS - SUNDERLAND RD
3337, BLACK SHEEP DELI - MAIN ST
3339, BOULDERS-OFFICE - EAST HADLEY RD
3344, BRAMBLE HILL FARM - SOUTH PLEASANT ST
3346, BRESNAHAN INSURANCE - TRIANGLE ST
3347, BRODE PROPERTIES / THE BANK BLOCK - SOUTH PLEASANT ST
3349, BOULDERS 117D - EAST HADLEY RD
3350, BRUEGGER'S BAGELS - NORTH PLEASANT ST
3363, BUENO Y SANO - BOLTWOOD WALK
3367, CAMPUS AUTO PARTS - UNIVERSITY DR
3368, CARRIAGE SHOPS - NORTH PLEASANT ST
3369, LEFT-CLICK COMPUTERS - COWLES LN
3371, SUNSET GRILL & PIZZA (FORMERLY COLLEGE PIZZA) - FEARING ST
3378, ARIGATO II - NORTH PLEASANT ST
3379, FIRST BAPTIST CHURCH - NORTH PLEASANT ST
3381, FIRST CONGREGATIONAL CHURCH - MAIN ST
3382, FRIENDS OF HOSPICE - NORTH PLEASANT ST
3384, NORTHAMPTON CO-OP DIV OF GREENFIELD CO-OP BAN - COLLEGE ST
3388, BANK OF AMERICA - SOUTH PLEASANT ST
3398, BANK OF AMERICA ATM - EAST PLEASANT ST
3401, FLOORS BY SUMMERLIN - COLLEGE ST
3403, FORT RIVER SCHOOL - SOUTH EAST ST
3428, BOULDERS 156B - EAST HADLEY RD
3429, BOULDERS 156C - EAST HADLEY RD
3430, HAIR BY HARLOW DAY SPA - NORTH PLEASANT ST
3431, HAMPSHIRE BICYCLE EXCHANGE - UNIVERSITY DR
3433, HAMPSHIRE COLLEGE - WEST ST
3435, BOULDERS 156D - EAST HADLEY RD
3436, HAMPSHIRE HEALTH & FITNESS - GATEHOUSE RD
3441, HAMPSHIRE VETERINARY - SNELL ST
3443, HANGAR
3460, EAGLE CREST PROPERTIES - GATEHOUSE RD
3462, STACKERS - NORTH PLEASANT ST
3479, HICKORY RIDGE C C - WEST POMEROY LN
3485, ALPHA TAU GAMMA - SUNSET AVE
3487, HILLEL HOUSE - NORTH PLEASANT ST
3498, BOULDERS 156F - EAST HADLEY RD
3499, EMILY DICKINSON HOMESTEAD - MAIN ST
3500, DORSEY MEMORIALS - MAIN ST
3501, DOUGLASS FUNERAL - NORTH PLEASANT ST
3524, IMMANUEL LUTHERAN CHURCH - NORTH PLEASANT ST
3533, IOTA GAMMA UPSILON - NORTH PLEASANT ST
3545, J AUSTIN JEWELER - SOUTH PLEASANT ST
3548, JEFFREY AMHERST COLLEGE STORE - SOUTH PROSPECT ST
3550, JEWISH COMMUNITY OF AMHERST - MAIN ST
3557, FL ROBERTS TOUCHLESS CAR WASH - NORTHAMPTON RD
3559, JONES LIBRARY - AMITY ST
3599, JONES TOWN & COUNTRY REAL ESTATE - TRIANGLE ST
3600, EAST STREET ANNEX (SCHOOL) - SOUTH EAST ST
3602, JUDIE'S RESTAURANT - NORTH PLEASANT ST
3604, KAMINS REAL ESTATE - AMITY ST
3605, KAPPA KAPPA GAMMA - NUTTING AVE
3610, KAY BAKER'S ANTIQUES - NORTH PLEASANT ST
3611, KELLY'S DINER - COLLEGE ST
3612, ENTERPRISE RENT A CAR - COLLEGE ST
3613, LAUGHING DOG CYCLERY - SOUTH PLEASANT ST
3614, LAUNDRY CLUB - UNIVERSITY DR
3616, PRIMO PIZZARIA TOO - TRIANGLE ST
3620, BOULDERS 158D - EAST HADLEY RD
3621, FL ROBERTS/NOURIA (WAS EXXON/MOBIL) - NORTHAMPTON RD
3623, LINCOLN REALTY - NORTH PLEASANT ST
3625, VALLEY MEDICAL GROUP - HALL DR
3627, INN ON BOLTWOOD - BOLTWOOD AVE
3633, JESSIE'S HOUSE - SEELYE ST
3643, MCMURPHYS - NORTH PLEASANT ST
3647, LIME RED TEAHOUSE - MAIN ST
3649, BOULDERS 158H - EAST HADLEY RD
3656, NEWMAN CENTER - NORTH PLEASANT ST
3670, NORTH AMHERST MOTORS - SUNDERLAND RD
3673, MODERN MEMOIRS - MAIN ST
3674, NORTH CEMETERY - EAST PLEASANT ST
3677, MOM'S HOUSE CHINESE FOOD MARKET - COLLEGE ST
3679, MONKEY BAR/LA GALLERIA - NORTH PLEASANT ST
3689, MONTESSORI SCHOOL - POMEROY LN
3690, NORTHAMPTON CO-OP DIV OF GREENFIELD CO-OP BAN - TRIANGLE ST
3694, NORWOTTUCK FISH & GAME CLUB - WEST ST
3696, NOTCH VISITORS CENTER - WEST ST
3717, MUNSON LIBRARY - SOUTH EAST ST
3721, NORTH 116 FLATS - TRIANGLE ST
3722, NEIGHBORHOOD DAIRY STORE - COLLEGE ST
3724, PASTA E BASTA - MAIN ST
3726, PETER PAN BUS LINES - SOUTH PLEASANT ST
3727, ALPHA DELTA PHI - NORTH PLEASANT ST
3735, PHI SIGMA KAPPA - NORTH PLEASANT ST
3741, JOHNNY'S TAVERN - BOLTWOOD WALK
3747, POST OFFICE/CENTER - NORTH PLEASANT ST
3753, POST OFFICE/UNIV DR - UNIVERSITY DR
3758, PUB
3774, R & P PACKAGE STORE - WEST ST
3777, SHIRU CAFE (FORMERLY SHARE COFFEE) - KELLOGG AVE
3778, REN'S MOBIL - NORTH PLEASANT ST
3792, BOULDERS 160H - EAST HADLEY RD
3794, VERACRUZANA - SOUTH PLEASANT ST
3796, VFW - MAIN ST
3797, W D COWLS INC - MONTAGUE RD
3798, AMHERST SURVIVAL CENTER - SUNDERLAND RD
3817, RUXTON STORAGE FACILITY - PULPIT HILL RD
3818, WAR MEMORIAL POOL - TRIANGLE ST
3824, WATROBA'S LIQUOR - SUNDERLAND RD
3825, WEST CEMETERY - TRIANGLE ST
3833, WILDWOOD CEMETERY - STRONG ST
3835, WILDWOOD SCHOOL - STRONG ST
3856, SANDYS BARBER SHOP - NORTH PLEASANT ST
3858, BOULDERS 162A1 - EAST HADLEY RD
3860, WYSOCKI HOUSE - NORTH PLEASANT ST
3861, YIDDISH BOOK CENTER - WEST ST
3864, ZANNA - NORTH PLEASANT ST
3868, SPIRIT HAUS - COLLEGE ST
3872, SPOKE
3924, ST BRIGIDS CHURCH - NORTH PLEASANT ST
3933, STAMELL STRINGED INSTRUMENTS - KELLOGG AVE
3935, STARBUCKS - NORTH PLEASANT ST
3936, MARSHALL STEINBECK COLLISION - SOUTH PROSPECT ST
3938, SOUTH CONGREGATIONAL CHURCH - SOUTH EAST ST
3945, BOULDERS 162E - EAST HADLEY RD
3946, SUBWAY - MAIN ST
3953, AMHERST HOUSE OF PIZZA - MONTAGUE RD
3954, TRADING POST
3955, SYNTHESIS CENTER - NORTH PLEASANT ST
3956, AMHERST CENTER MARKET (FORMERLY DB MART) - TRIANGLE ST
3978, TUCKER TAFT BUILDING - NORTH PLEASANT ST
3980, TAYLOR DAVIS LANDSCAPE - WEST POMEROY LN
3981, HARP
3982, UNITARIAN MEETINGHOUSE-UNITARIAN UNIVERSALIST - NORTH PLEASANT ST
3994, UNIVERSITY LIQUORS - UNIVERSITY DR
3995, MISSION CANTINA - WEST ST
3996, BOULDERS 162I - EAST HADLEY RD
3997, THOMPSON HALL-LOWRISE (UMASS) - HICKS WAY
3998, WORCESTER DINING COMMONS (UMASS) - NORTH PLEASANT ST
3999, GOODELL LIBRARY (UMASS) - HICKS WAY
4002, CAMPUS CENTER (UMASS) - CAMPUS CENTER WAY
4009, CHANCELLOR'S HOUSE (UMASS) - CHANCELLORS DR
4010, BARTLETT HALL (UMASS) - HICKS WAY
4049, WHITMORE ADMINISTRATION (UMASS) - PRESIDENTS DR
4072, HERTER HALL (UMASS) - PRESIDENTS DR
4073, FURCOLO SCHOOL OF EDUCATION (UMASS) - NORTH PLEASANT ST
4074, LEDERLE RESEARCH TOWER (UMASS) - NORTH PLEASANT ST
4075, LEWIS DORMITORY (UMASS) - THATCHER RD
4076, DICKINSON DORMITORY (UMASS) - ORCHARD HILL DR
4077, PIERPONT DORMITORY (UMASS) - FEARING ST
4078, PRINCE DORMITORY (UMASS) - SUNSET AVE
4079, BOYDEN GYMNASIUM (UMASS) - COMMONWEALTH AVE
4080, BOULDERS 119A - EAST HADLEY RD
4081, LOT 11 (UMASS) - STADIUM DR
4082, BOULDERS 169A2 - EAST HADLEY RD
4083, LOT 62 (UMASS) - STOCKBRIDGE RD
4084, BOULDERS 169B - EAST HADLEY RD
4085, BOULDERS 169E - EAST HADLEY RD
4086, ROBSHAM VISITORS CENTER (UMASS) - MASSACHUSETTS AVE
4087, STUDENT UNION (UMASS) - CAMPUS CENTER WAY
4088, BOULDERS 169I - EAST HADLEY RD
4089, TOTMAN GYM (PHYSICAL EDUCATION) (UMASS) - EASTMAN LN
4090, WASTE WATER TREATMENT PLANT (UMASS) - MULLINS WAY
4091, WATER TOWERS (TANKS) (UMASS) - WINDMILL LN
4092, WILDER HALL (UMASS) - STOCKBRIDGE RD
4093, CONVERSE HALL (AMHERST COLLEGE) - BOLTWOOD AVE
4096, FROST LIBRARY (AMHERST COLLEGE) - QUADRANGLE
4097, LIPTON HALL ( AMHERST COLLEGE) - COLLEGE ST
4098, HITCHCOCK HOUSE (AMHERST COLLEGE) - SOUTH PLEASANT ST
4100, MAYO-SMITH HOUSE (AMHERST COLLEGE) - EAST DR
4101, NEWPORT HOUSE (AMHERST COLLEGE) - NORTHAMPTON RD
4102, SOUTHPOINT 1 - EAST HADLEY RD
4103, TYLER HOUSE (AMHERST COLLEGE) - TYLER PL
4104, WEBSTER HALL (AMHERST COLLEGE) - QUADRANGLE
4105, SOUTHPOINT 103A - EAST HADLEY RD
4106, COURTYARD CONDOS - CONTACTS - WEST ST
4107, LEADER HOME CENTER - COLLEGE ST
4109, PRESCOTT TAVERN (HAMP COLLEGE) - PRESCOTT RD
4110, DAKIN HOUSE (HAMP COLL) - SOUTH CAMPUS DR
4112, SOUTHPOINT 103D - EAST HADLEY RD
4114, ENFIELD HOUSE 58 (HAMP COLL) - NORTH CAMPUS DR
4115, GREENWICH HOUSE 1-7 (HAMP COLL) - NORTH CAMPUS DR
4116, GREENWICH HOUSE 33-40 (HAMP COLL) - NORTH CAMPUS DR
4117, PRESCOTT HOUSE 81-88 (HAMP COLL) - PRESCOTT RD
4118, SUNOCO - BELCHERTOWN RD
4121, AMITY/NORTH PLEASANT - AMITY ST
4127, AMITY/SOUTH PLEASANT - AMITY ST
4128, AMITY/NORTH PROSPECT - AMITY ST
4131, AMITY/SOUTH PROSPECT - AMITY ST
4135, AMITY/LINCOLN - LINCOLN AVE
4153, AMITY/SUNSET - AMITY ST
4156, AMITY/DANA - AMITY ST
4160, AMITY/BLUE HILLS - AMITY ST
4184, AMITY/AMITY PL - AMITY ST
4191, AMITY/CHARLES LN - AMITY ST
4192, BAY/MIDDLE - BAY RD
4196, BAY/CANTERBURY - BAY RD
4198, BAY/SOUTH EAST - BAY RD
4206, BAY/HULST - BAY RD
4207, BAY/HARRIS MOUNTAIN - BAY RD
4211, BAY/ELF HILL - BAY RD
4213, BELCHERTOWN/SOUTH EAST - BELCHERTOWN RD
4220, BELCHERTOWN/STANLEY - BELCHERTOWN RD
4224, BELCHERTOWN/OLD FARM - BELCHERTOWN RD
4225, BELCHERTOWN/GATEHOUSE - BELCHERTOWN RD
4232, BELCHERTOWN/OLD BELCHERTOWN (EAST) - BELCHERTOWN RD
4237, BLOSSOM/SOUTH ORCHARD - BLOSSOM LN
4238, BOLTWOOD AVE/SPRING - BOLTWOOD AVE
4240, CHESTNUT ST/CHESTNUT CT - CHESTNUT ST
4241, COLLEGE/SOUTH PLEASANT - COLLEGE ST
4245, COLLEGE/BOLTWOOD AVE - COLLEGE ST
4260, COLLEGE/SEELYE - COLLEGE ST
4262, COLLEGE/NOAH WEBSTER - COLLEGE ST
4263, COLLEGE/DICKINSON ST - COLLEGE ST
4269, COLLEGE/CV RAILROAD OVERPASS - COLLEGE ST
4271, COLLEGE/RAILROAD - COLLEGE ST
4272, COLLEGE/SOUTH WHITNEY - COLLEGE ST
4278, COLLEGE/SHUMWAY - COLLEGE ST
4280, COLUMBIA DR/EAST HADLEY RD - COLUMBIA DR
4282, COLUMBIA DR/CHESTERFIELD - COLUMBIA DR
4283, SOUTHPOINT 105B - EAST HADLEY RD
4284, COTTAGE/TRIANGLE - COTTAGE ST
4285, COTTAGE/EAMES AVE - COTTAGE ST
4286, WILDFLOWER/TEABERRY - WILDFLOWER DR
4287, SOUTHPOINT 105C - EAST HADLEY RD
4289, DICKINSON/SPRING - DICKINSON ST
4291, EAST HADLEY/SOUTH PLEASANT - EAST HADLEY RD
4294, EAST HADLEY/COLUMBIA - EAST HADLEY RD
4295, EAST HADLEY/WHIPPLETREE - EAST HADLEY RD
4296, EAST LEVERETT/BRIDGE - EAST LEVERETT RD
4298, EAST PLEASANT/NORTH PLEASANT - EAST PLEASANT ST
4300, EAST PLEASANT/PRAY - EAST PLEASANT ST
4301, EAST PLEASANT/TRIANGLE - EAST PLEASANT ST
4305, EAST PLEASANT/PLEASANT CT - EAST PLEASANT ST
4306, EAST PLEASANT/CHESTNUT CT - EAST PLEASANT ST
4309, EAST PLEASANT/CHESTNUT ST - EAST PLEASANT ST
4321, EAST PLEASANT/MT PLEASANT - EAST PLEASANT ST
4322, EAST PLEASANT/STRONG - EAST PLEASANT ST
4331, EAST PLEASANT/CLARK HILL - EAST PLEASANT ST
4334, EAST PLEASANT/ORCHARD HILL - EAST PLEASANT ST
4337, EAST PLEASANT/VILLAGE PARK ENTRANCE - EAST PLEASANT ST
4338, EAST PLEASANT/EASTMAN - EAST PLEASANT ST
4343, EAST PLEASANT/CHERRY LN - EAST PLEASANT ST
4347, EAST PLEASANT/VAN METER DR - EAST PLEASANT ST
4348, EAST PLEASANT/GRANTWOOD - EAST PLEASANT ST
4349, EAST PLEASANT/ROLLING RIDGE - EAST PLEASANT ST
4350, LEVERETT/EAST LEVERETT - LEVERETT RD
4353, FARMINGTON/WEST POMEROY - FARMINGTON RD
4355, FEARING/ALLEN - FEARING ST
4358, FEARING/NUTTING - FEARING ST
4370, FEARING/LINCOLN - FEARING ST
4377, FEARING/MCCLURE - FEARING ST
4380, FISHER/HARRIS ST - FISHER ST
4381, GATEHOUSE/EATON - GATEHOUSE RD
4382, GLENDALE/TRACY (EAST) - GLENDALE RD
4383, GRANTWOOD/COLONIAL - GRANTWOOD DR
4384, GRANTWOOD/BLACKBERRY - GRANTWOOD DR
4385, GRANTWOOD/JASON CT - GRANTWOOD DR
4388, GRAY/TAYLOR - GRAY ST
4389, HENRY/PINE - HENRY ST
4390, STRONG/WILDWOOD - STRONG ST
4394, HARLOW/RIDGECREST - HARLOW DR
4395, HALLOCK/PEASE PL - HALLOCK ST
4398, HEATHERSTONE/ADAMS - HEATHERSTONE RD
4399, HEATHERSTONE/KETTLEPOND - HEATHERSTONE RD
4400, HENRY/MARKET HILL - HENRY ST
4401, SOUTHPOINT 105L - EAST HADLEY RD
4402, HIGH/CV RAILROAD - HIGH ST
4403, HIGH/TAYLOR - HIGH ST
4406, HULST/ELF HILL - HULST RD
4407, HUNTER HILL/COLUMBIA DR - HUNTER HILL CIR
4408, KELLOGG/BOLTWOOD WLK - KELLOGG AVE
4409, LESSEY/TYLER - LESSEY ST
4411, LINCOLN/NORTHAMPTON - LINCOLN AVE
4412, LINCOLN/GAYLORD - LINCOLN AVE
4413, SOUTHPOINT 107B - EAST HADLEY RD
4415, LINCOLN/ELM - LINCOLN AVE
4416, LINCOLN/MCCLELLAN - LINCOLN AVE
4417, LINCOLN/COSBY - LINCOLN AVE
4418, LOGTOWN/EDGEHILL - LOGTOWN RD
4419, NUTTING/PHILLIPS - NUTTING AVE
4421, MAIN/SOUTH PLEASANT - MAIN ST
4426, MAIN/NORTH PLEASANT - MAIN ST
4430, MAIN/BOLTWOOD WLK - MAIN ST
4440, MAIN/CHURCHILL - MAIN ST
4445, MAIN/SEELYE - MAIN ST
4447, MAIN/WEBSTER - MAIN ST
4451, MAIN/TRIANGLE - MAIN ST
4455, MAIN/DICKINSON - MAIN ST
4459, MAIN/CV RAILROAD - MAIN ST
4462, MAIN/HIGH - MAIN ST
4464, MAIN/SOUTH WHITNEY - MAIN ST
4468, MAIN/NORTH WHITNEY - MAIN ST
4470, MAIN/SPAULDING - MAIN ST
4477, MAIN/SHUMWAY - MAIN ST
4481, MAIN/NORTH EAST - MAIN ST
4488, MCCLELLAN/BESTON - MCCLELLAN ST
4489, BOULDERS 119F - EAST HADLEY RD
4491, SOUTHPOINT 107F - EAST HADLEY RD
4493, MCCLELLAN/PAIGE - MCCLELLAN ST
4494, MEADOW/NORTH PLEASANT - MEADOW ST
4500, MEADOW/RTE 116 - MEADOW ST
4515, MEADOW/RUSSELLVILLE - MEADOW ST
4517, MECHANIC/SOUTH EAST - MECHANIC ST
4519, MIDDLE/POMEROY - MIDDLE ST
4521, MONTAGUE/COWLS - MONTAGUE RD
4522, MONTAGUE/OLD MONTAGUE - MONTAGUE RD
4524, MONTAGUE/PLUMTREES - MONTAGUE RD
4526, SOUTHPOINT 107I - EAST HADLEY RD
4527, NORTH EAST/HEDGEROW - NORTH EAST ST
4531, NORTH EAST/ARBOR - NORTH EAST ST
4532, NORTH EAST/NORTH EAST TERRACE (ENTRANCE) - NORTH EAST ST
4534, NORTH EAST/STRONG - NORTH EAST ST
4540, NORTH HADLEY/LINCOLN - NORTH HADLEY RD
4542, NORTH PLEASANT/GOVENORS - NORTH PLEASANT ST
4543, NORTH PLEASANT/KELLOGG - NORTH PLEASANT ST
4550, NORTH PLEASANT/COWLES - NORTH PLEASANT ST
4551, NORTH PLEASANT/TRIANGLE - NORTH PLEASANT ST
4553, NORTH PLEASANT/HALLOCK - NORTH PLEASANT ST
4555, NORTH PLEASANT/FEARING - NORTH PLEASANT ST
4562, NORTH PLEASANT/PHILLIPS - NORTH PLEASANT ST
4565, NORTH PLEASANT/BUTTERFIELD - NORTH PLEASANT ST
4569, NORTH PLEASANT/MASSACHUSETTS AVE - NORTH PLEASANT ST
4572, NORTH PLEASANT/EASTMAN - NORTH PLEASANT ST
4573, NORTH PLEASANT/OLD TOWN - NORTH PLEASANT ST
4575, NORTH PLEASANT/FAIRFIELD - NORTH PLEASANT ST
4579, NORTH PLEASANT/BERKSHIRE - NORTH PLEASANT ST
4580, NORTH PLEASANT/CRESTVIEW (APTS) - NORTH PLEASANT ST
4581, NORTH PLEASANT/HOBART - NORTH PLEASANT ST
4584, NORTH PLEASANT/PUFFTON VILLAGE - NORTH PLEASANT ST
4586, NORTH PLEASANT/FISHER - NORTH PLEASANT ST
4588, NORTH PLEASANT/PINE - NORTH PLEASANT ST
4590, NORTH PROSPECT/COWLES - NORTH PROSPECT ST
4592, NORTH WHITNEY/CV RAILROAD - NORTH WHITNEY ST
4594, NORTHAMPTON/SOUTH PLEASANT - NORTHAMPTON RD
4606, NORTHAMPTON/SOUTH PROSPECT - NORTHAMPTON RD
4608, NORTHAMPTON/WOODSIDE - NORTHAMPTON RD
4609, NORTHAMPTON/KENDRICK - NORTHAMPTON RD
4611, NORTHAMPTON/ORCHARD - NORTHAMPTON RD
4614, NORTHAMPTON/DANA - NORTHAMPTON RD
4619, NORTHAMPTON/BLUE HILLS - NORTHAMPTON RD
4623, NORTHAMPTON/HAZEL - NORTHAMPTON RD
4627, NORTHAMPTON/SNELL - NORTHAMPTON RD
4629, NORTHAMPTON/UNIVERSITY - NORTHAMPTON RD
4650, RAIL TRAIL/STATION - RAIL TRAIL
4652, RAIL TRAIL/SOUTH EAST - RAIL TRAIL
4653, OLD FARM/CROSS BROOK - OLD FARM RD
4654, SOUTHPOINT 109C - EAST HADLEY RD
4655, PELHAM/MAIN - PELHAM RD
4657, PELHAM/BAYBERRY - PELHAM RD
4659, PELHAM/ ALLEN MILL - PELHAM RD
4660, PELHAM/HEATHERSTONE - PELHAM RD
4661, PELHAM/JENKS - PELHAM RD
4662, PHILLIPS/ALLEN - PHILLIPS ST
4666, PINE/HARRIS - PINE ST
4667, PINE/STATE - PINE ST
4671, SOUTHPOINT 109D - EAST HADLEY RD
4672, PINE/EAST PLEASANT - PINE ST
4676, PINE/BRIDGE - PINE ST
4678, PINE/CV RAILROAD - PINE ST
4680, POMEROY/COACH - POMEROY LN
4681, POMEROY/CARRIAGE - POMEROY LN
4682, POMEROY/POMEROY CT - POMEROY LN
4684, BOULDERS 115A - EAST HADLEY RD
4685, SOUTHPOINT 109E - EAST HADLEY RD
4686, WEST/DENNIS - WEST ST
4687, WEST/SHAYS - WEST ST
4689, WEST/MOUNT HOLYOKE - WEST ST
4691, WEST/POMEROY - WEST ST
4698, WEST/GLENDALE - WEST ST
4700, WEST/POTWINE - WEST ST
4709, ROTARY NORTH - WEST ST
4713, ROTARY SOUTH - WEST ST
4721, WEST/COUNTRY CORNERS - WEST ST
4724, WEST/MILITARY - WEST ST
4725, WEST BAY/SPENCER - WEST BAY RD
4726, SOUTHPOINT 109G - EAST HADLEY RD
4727, WILDFLOWER/LADY SLIPPER - WILDFLOWER DR
4728, WOODLOT/TEABERRY - WOODLOT RD
4729, MONTAGUE/MILL RIVER REC (ENTRANCE) - MONTAGUE RD
4730, PONDVIEW/WESTERN - PONDVIEW DR
4731, PULPIT HILL/CV RAIL ROAD - PULPIT HILL RD
4732, PINE GROVE/OLD FARM - PINE GROVE
4734, RED GATE/NORTH WHITNEY - RED GATE LN
4735, RED GATE/HILLS RD - RED GATE LN
4736, SOUTHPOINT 109J - EAST HADLEY RD
4737, ROLLING RIDGE/OAKWOOD - ROLLING RIDGE RD
4738, RTE 116/MEADOW - MEADOW ST
4747, RTE 116/SUNDERLAND TOWN LINE - SUNDERLAND RD
4751, SEELYE/SPRING - SEELYE ST
4753, SHAYS/WENTWORTH MANOR - SHAYS ST
4754, SMITH/KELLOGG - SMITH ST
4755, SNELL/WOODS (RAIL ROAD BRIDGE) - SNELL ST
4760, SNELL/BAKER - SNELL ST
4761, SOUTH EAST/COLLEGE - SOUTH EAST ST
4765, SOUTH EAST/STANLEY - SOUTH EAST ST
4769, SOUTH EAST/ CV RAIL ROAD - SOUTH EAST ST
4774, SOUTH EAST/VALLEY VIEW - SOUTH EAST ST
4775, SOUTH EAST/STATION - SOUTH EAST ST
4777, SOUTH EAST/SHAYS - SOUTH EAST ST
4779, SOUTH EAST/MIDDLE - SOUTH EAST ST
4781, SOUTH EAST/POTWINE - SOUTH EAST ST
4782, SOUTH EAST/MOUNT POLLUX - SOUTH EAST ST
4783, SOUTH PLEASANT/BOLTWOOD LOT - SOUTH PLEASANT ST
4784, SOUTH PLEASANT/SPRING ST LOT - SOUTH PLEASANT ST
4792, SOUTH PLEASANT/SELLEN - SOUTH PLEASANT ST
4794, SOUTH PLEASANT/COLLEGE - SOUTH PLEASANT ST
4795, SOUTH PLEASANT/WALNUT - SOUTH PLEASANT ST
4796, SOUTH PLEASANT/HITCHCOCK - SOUTH PLEASANT ST
4802, SOUTH PLEASANT/SNELL - SOUTH PLEASANT ST
4807, SOUTH PLEASANT/MEMORIAL - SOUTH PLEASANT ST
4808, SOUTH PLEASANT/HILLCREST - SOUTH PLEASANT ST
4813, SOUTH PLEASANT/JEFFREY - SOUTH PLEASANT ST
4815, SOUTH PROSPECT/SELLEN - SOUTH PROSPECT ST
4817, SPRING ST LOT/SOUTH PLEASANT - SPRING ST
4846, STANLEY/TAMARACK - STANLEY ST
4847, STATE/MILL ST - STATE ST
4851, STATE/SAND HILL - STATE ST
4852, STATION/IDUNA - STATION RD
4853, STONY HILL/GATEHOUSE - STONY HILL RD
4854, STRONG/HILLS - STRONG ST
4855, STRONG/RED GATE - STRONG ST
4860, STRONG/CV RAILROAD - STRONG ST
4862, SUNDERLAND/NORTH PLEASANT - SUNDERLAND RD
4864, SUNDERLAND/COWLS - SUNDERLAND RD
4867, SUNDERLAND/RTE 116 - SUNDERLAND RD
4880, SUNSET/FEARING - SUNSET AVE
4885, TAYLOR/MATTOON - TAYLOR ST
4886, TRIANGLE/LESSEY - TRIANGLE ST
4887, TRIANGLE/MATTOON - TRIANGLE ST
4894, TRIANGLE/ KELLOGG - TRIANGLE ST
4897, TRIANGLE/SMITH - TRIANGLE ST
4899, TRIANGLE/PRAY - TRIANGLE ST
4904, TUCKERMAN/SACCO - TUCKERMAN LN
4905, GROFF PARK - MILL LN
4909, PUFFERS POND - STATE ST
4961, MILL RIVER REC AREA - MONTAGUE RD
4985, SPRUCE RIDGE APTS - HIGH ST
4986, EAST PLEASANT/OLYMPIA - EAST PLEASANT ST
4988, ARHS - MATTOON ST
5020, NORTH PLEASANT ST APARTMENTS - NORTH PLEASANT ST
5030, GREENFIELD SAVINGS BANK - UNIVERSITY DR
5031, AFDN - EAST PLEASANT ST
5037, AFDC - NORTH PLEASANT ST
5061, DPW - SOUTH PLEASANT ST
5066, TOWN COMMON - SOUTH PLEASANT ST
5085, CAMPUS POND (UMASS) - NORTH PLEASANT ST
5086, CUSHMAN VILLAGE GREEN - BRIDGE ST
5088, NOTCH RIFLE RANGE - WEST ST
5089, AMETHYST BROOK - PELHAM RD
5101, GILLEN OFFICE - MAIN ST
5102, AMHERST CHINESE CHRISTIAN CHURCH - BELCHERTOWN RD
5103, STAVROS - OLD FARM RD
5106, TOWNEHOUSE 12 - MEADOW ST
5107, TOWNEHOUSE 16 - MEADOW ST
5109, TOWNEHOUSE 17 - MEADOW ST
5111, TOWNEHOUSE 18 - MEADOW ST
5112, TOWNEHOUSE 20 - MEADOW ST
5113, TOWNEHOUSE 24 - MEADOW ST
5114, TOWNEHOUSE 33 - MEADOW ST
5116, TOWNEHOUSE 38 - MEADOW ST
5117, SOUTHPOINT 26 - EAST HADLEY RD
5118, TOWNEHOUSE 62 - MEADOW ST
5119, TOWNEHOUSE 7 - MEADOW ST
5121, TOWNEHOUSE 79 - MEADOW ST
5123, TOWNEHOUSE 89 - MEADOW ST
5128, TOWNEHOUSE 95 - MEADOW ST
5130, TOWNEHOUSE 96 - MEADOW ST
5133, BRANDYWINE 10E - BRANDYWINE DR
5135, BRANDYWINE 12C - BRANDYWINE DR
5137, BRANDYWINE 12D - BRANDYWINE DR
5138, BRANDYWINE 12F - BRANDYWINE DR
5142, SOUTHPOINT 33 - EAST HADLEY RD
5143, BRANDYWINE 14L - BRANDYWINE DR
5144, BRANDYWINE 15B - BRANDYWINE DR
5146, BRANDYWINE 15H - BRANDYWINE DR
5147, BRANDYWINE 15K - BRANDYWINE DR
5148, BRANDYWINE 2J - BRANDYWINE DR
5149, BRANDYWINE 2L - BRANDYWINE DR
5151, BRANDYWINE 3D - BRANDYWINE DR
5152, BRANDYWINE 3H - BRANDYWINE DR
5153, SOUTHPOINT 42A (OFFICE) - EAST HADLEY RD
5154, BRANDYWINE 6E - BRANDYWINE DR
5155, BRANDYWINE 7I - BRANDYWINE DR
5156, SOUTHPOINT 42B - EAST HADLEY RD
5159, BRANDYWINE 8A - BRANDYWINE DR
5162, BRANDYWINE 8I - BRANDYWINE DR
5163, BRANDYWINE 9I - BRANDYWINE DR
5164, SOUTHPOINT 42G - EAST HADLEY RD
5165, BROOK 106
5169, BROOK 120
5170, BROOK 125
5172, BROOK 129
5176, BROOK 15
5177, SOUTHPOINT 42L - EAST HADLEY RD
5178, BROOK 20
5179, BROOK 30
5181, BROOK 33
5182, BROOK 46
5183, BROOK 66
5185, SOUTHPOINT 44A - EAST HADLEY RD
5186, BROOK 77
5187, BROOK 79
5188, BROOK 81
5189, BROOK 88
5190, CLARK HOUSE 101 - LESSEY ST
5194, CLARK HOUSE 102 - LESSEY ST
5195, CLARK HOUSE 103 - LESSEY ST
5199, CLARK HOUSE 106 - LESSEY ST
5200, CLARK HOUSE 105 - LESSEY ST
5201, CLARK HOUSE 115 - LESSEY ST
5202, CLARK HOUSE 118 - LESSEY ST
5203, CLARK HOUSE 202 - LESSEY ST
5206, CLARK HOUSE 213 - LESSEY ST
5207, CLARK HOUSE 218 - LESSEY ST
5208, CLARK HOUSE 301 - LESSEY ST
5209, CLARK HOUSE 307 - LESSEY ST
5210, CLARK HOUSE 415 - LESSEY ST
5211, CLARK HOUSE 504 - LESSEY ST
5213, CLARK HOUSE 513 - LESSEY ST
5214, CLARK HOUSE 519 - LESSEY ST
5215, CLARK HOUSE 602 - LESSEY ST
5216, CLARK HOUSE 605 - LESSEY ST
5221, CLARK HOUSE 606 - LESSEY ST
5222, SOUTHPOINT 44O - EAST HADLEY RD
5223, CLARK HOUSE 615 - LESSEY ST
5224, CLARK HOUSE 618 - LESSEY ST
5225, COLLEGE INN 1 - BELCHERTOWN RD
5226, SOUTHPOINT 44P - EAST HADLEY RD
5227, COLLEGE INN 4 - BELCHERTOWN RD
5234, COLLEGE INN 7 - BELCHERTOWN RD
5235, COLLEGE INN 10 - BELCHERTOWN RD
5236, COLLEGE INN 12 - BELCHERTOWN RD
5240, COLLEGE INN 15 - BELCHERTOWN RD
5241, COLLEGE INN 33 - BELCHERTOWN RD
5242, COLLEGE INN 34 - BELCHERTOWN RD
5269, COLLEGE INN 36 - BELCHERTOWN RD
5271, COLLEGE INN 39 - BELCHERTOWN RD
5272, AMHERST MOTEL (OFFICE) - NORTHAMPTON RD
5276, AMHERST MOTEL 20 - NORTHAMPTON RD
5277, AMHERST MOTEL 21 - NORTHAMPTON RD
5278, AMHERST MOTEL 40 - NORTHAMPTON RD
5279, AMHERST MOTEL 42 - NORTHAMPTON RD
5280, HAWKINS MEADOW 374B - NORTHAMPTON RD
5281, MILL VALLEY 380A - RIVERGLADE DR
5285, MILL VALLEY 380E - RIVERGLADE DR
5286, MILL VALLEY 380H - RIVERGLADE DR
5292, MILL VALLEY 420 OFFICE - RIVERGLADE DR
5293, MILL VALLEY 500L - RIVERGLADE DR
5294, MILL VALLEY 520E - RIVERGLADE DR
5295, MILL VALLEY 540C - RIVERGLADE DR
5299, SOUTHPOINT 61 - EAST HADLEY RD
5300, MILL VALLEY 560B - RIVERGLADE DR
5302, SOUTHPOINT 65 - EAST HADLEY RD
5303, MILL VALLEY 760A - RIVERGLADE DR
5306, MILL VALLEY 760B - RIVERGLADE DR
5307, MILL VALLEY 760C - RIVERGLADE DR
5308, MILL VALLEY 760J - RIVERGLADE DR
5314, MILL VALLEY 780H - RIVERGLADE DR
5317, MILL VALLEY 780J - RIVERGLADE DR
5318, MILL VALLEY BLG 780 - RIVERGLADE DR
5319, MILL VALLEY BLG 700 - RIVERGLADE DR
5320, MILL VALLEY 382 - RIVERGLADE DR
5321, MILL VALLEY 742 - RIVERGLADE DR
5322, MILL VALLEY 741 - RIVERGLADE DR
5323, MILL VALLEY BLG 420 - RIVERGLADE DR
5324, BOULDERS BLG 121 - EAST HADLEY RD
5325, BOULDERS BLG 140 - EAST HADLEY RD
5326, SOUTHPOINT BLG 109 - EAST HADLEY RD
5328, SOUTHPOINT BLG 99 - EAST HADLEY RD
5329, COURTYARD 13
5330, WATSON FARMS 4 - MAIN ST
5333, WATSON FARMS 5 - MAIN ST
5337, WATSON FARMS 6 - MAIN ST
5342, WATSON FARMS 7 - MAIN ST
5343, WATSON FARMS 14 - MAIN ST
5348, EAST AMHERST VLG B2 A3 - NORTH EAST ST
5349, EAST AMHERST VLG B3 A2 - NORTH EAST ST
5350, EAST AMHERST VLG B4 A1 - NORTH EAST ST
5351, EAST AMHERST VLG B5 A7 - NORTH EAST ST
5353, VILLAGE PARK 5 - EAST PLEASANT ST
5354, VILLAGE PARK 10 - EAST PLEASANT ST
5356, VILLAGE PARK 13 - EAST PLEASANT ST
5358, VILLAGE PARK 19 - EAST PLEASANT ST
5362, VILLAGE PARK 38 - EAST PLEASANT ST
5363, VILLAGE PARK 42 - EAST PLEASANT ST
5365, VILLAGE PARK 44 - EAST PLEASANT ST
5367, GILREATH MANOR 22 - HOBART LN
5372, SOUTHPOINT 93C - EAST HADLEY RD
5374, GILREATH MANOR 46 - HOBART LN
5376, VILLAGE PARK 101 - EAST PLEASANT ST
5377, VILLAGE PARK 105 - EAST PLEASANT ST
5378, VILLAGE PARK 106 - EAST PLEASANT ST
5379, VILLAGE PARK 109 - EAST PLEASANT ST
5380, VILLAGE PARK 110 - EAST PLEASANT ST
5381, VILLAGE PARK 114 - EAST PLEASANT ST
5384, VILLAGE PARK 116 - EAST PLEASANT ST
5387, VILLAGE PARK 117 - EAST PLEASANT ST
5388, VILLAGE PARK 119 - EAST PLEASANT ST
5390, VILLAGE PARK 121 - EAST PLEASANT ST
5393, VILLAGE PARK 122 - EAST PLEASANT ST
5394, VILLAGE PARK 123 - EAST PLEASANT ST
5415, VILLAGE PARK 124 - EAST PLEASANT ST
5417, VILLAGE PARK 125 - EAST PLEASANT ST
5418, VILLAGE PARK 127 - EAST PLEASANT ST
5419, VILLAGE PARK 131 - EAST PLEASANT ST
5426, SOUTHPOINT 93H - EAST HADLEY RD
5427, VILLAGE PARK 140 - EAST PLEASANT ST
5428, VILLAGE PARK 158 - EAST PLEASANT ST
5433, VILLAGE PARK 159 - EAST PLEASANT ST
5435, VILLAGE PARK 160 - EAST PLEASANT ST
5436, VILLAGE PARK 161 - EAST PLEASANT ST
5437, VILLAGE PARK 162 - EAST PLEASANT ST
5440, VILLAGE PARK 165 - EAST PLEASANT ST
5441, VILLAGE PARK 166 - EAST PLEASANT ST
5442, VILLAGE PARK 177 - EAST PLEASANT ST
5445, VILLAGE PARK 182 - EAST PLEASANT ST
5446, VILLAGE PARK 185 - EAST PLEASANT ST
5447, VILLAGE PARK 187 - EAST PLEASANT ST
5448, SOUTHPOINT 95A - EAST HADLEY RD
5449, VILLAGE PARK 189 - EAST PLEASANT ST
5452, VILLAGE PARK 193 - EAST PLEASANT ST
5454, BOULDERS 125A - EAST HADLEY RD
5455, VILLAGE PARK 56 - EAST PLEASANT ST
5456, VILLAGE PARK 62 - EAST PLEASANT ST
5457, VILLAGE PARK 64 - EAST PLEASANT ST
5458, VILLAGE PARK 71 - EAST PLEASANT ST
5460, VILLAGE PARK 83 - EAST PLEASANT ST
5461, VILLAGE PARK 88 - EAST PLEASANT ST
5468, VILLAGE PARK 90 - EAST PLEASANT ST
5469, VILLAGE PARK 93 - EAST PLEASANT ST
5471, VILLAGE PARK 99 - EAST PLEASANT ST
5472, VILLAGE PARK (OFFICE) - EAST PLEASANT ST
5475, MILL HOLLOW 12 - SUMMER ST
5476, MILL HOLLOW 16 - SUMMER ST
5477, MILL HOLLOW 17 - SUMMER ST
5480, MILL HOLLOW 31 - SUMMER ST
5481, SOUTHPOINT 95J - EAST HADLEY RD
5484, MILL HOLLOW 33 - SUMMER ST
5485, MILL HOLLOW 41 - SUMMER ST
5486, MILL HOLLOW 37 - SUMMER ST
5487, MILL HOLLOW 4 - SUMMER ST
5496, MILL HOLLOW 42 - SUMMER ST
5497, MILL HOLLOW 43 - SUMMER ST
5503, MILL HOLLOW 47 - SUMMER ST
5507, SOUTHPOINT 97A - EAST HADLEY RD
5510, MILL HOLLOW 55 - SUMMER ST
5516, MILL HOLLOW 56 - SUMMER ST
5517, MILL HOLLOW 58 - SUMMER ST
5519, MILL HOLLOW 61 - SUMMER ST
5528, MILL HOLLOW 64 - SUMMER ST
5529, MILL HOLLOW 65 - SUMMER ST
5538, MILL HOLLOW 8 - SUMMER ST
5539, JEFFREY AMHERST 2 - WEST ST
5542, JEAN ELDER 2 - CHESTNUT ST
5543, JEAN ELDER 5A - CHESTNUT ST
5546, JEAN ELDER 5C - CHESTNUT ST
5547, CRESTVIEW 10 - NORTH PLEASANT ST
5553, CRESTVIEW 12A - NORTH PLEASANT ST
5555, CRESTVIEW 20 - NORTH PLEASANT ST
5556, CRESTVIEW 21A - NORTH PLEASANT ST
5557, CRESTVIEW 26 - NORTH PLEASANT ST
5558, CRESTVIEW 28 - NORTH PLEASANT ST
5561, CRESTVIEW 29 - NORTH PLEASANT ST
5563, CRESTVIEW 30B - NORTH PLEASANT ST
5573, CRESTVIEW 32 - NORTH PLEASANT ST
5574, CRESTVIEW 42 - NORTH PLEASANT ST
5575, NORTH EAST TERRACE BLG 222 - NORTH EAST ST
5576, SOUTHPOINT 99A - EAST HADLEY RD
5577, SOUTHPOINT 99B - EAST HADLEY RD
5578, NORTH EAST TERRACE 18 - NORTH EAST ST
5579, NORTH EAST TERRACE 25 - NORTH EAST ST
5580, GRIGGS - FRONT HOUSE - AMITY ST
5582, GRIGGS 6
5583, SOUTHPOINT 99F - EAST HADLEY RD
5587, PRESIDENTIAL 26 - NORTH PLEASANT ST
5588, PRESIDENTIAL 37 - NORTH PLEASANT ST
5589, SOUTHPOINT 99H - EAST HADLEY RD
5592, SOUTHPOINT 99I - EAST HADLEY RD
5594, PRESIDENTIAL 60 - NORTH PLEASANT ST
5599, PRESIDENTIAL 62 - NORTH PLEASANT ST
5601, PRESIDENTIAL 74 - NORTH PLEASANT ST
5602, SOUTHPOINT 99L - EAST HADLEY RD
5603, PRESIDENTIAL 83 - NORTH PLEASANT ST
5604, PERRY 102
5605, PERRY 116
5609, PERRY 203
5619, PERRY 205
5621, PERRY 211
5623, PERRY 215
5625, COLONIAL VLG 101 - BELCHERTOWN RD
5627, COLONIAL VLG 104 - BELCHERTOWN RD
5630, COLONIAL VLG 108 - BELCHERTOWN RD
5631, COLONIAL VLG 112 - BELCHERTOWN RD
5633, COLONIAL VLG 120 - BELCHERTOWN RD
5635, COLONIAL VLG 122 - BELCHERTOWN RD
5636, COLONIAL VLG 123 - BELCHERTOWN RD
5637, COLONIAL VLG 124 - BELCHERTOWN RD
5638, COLONIAL VLG 127 - BELCHERTOWN RD
5642, COLONIAL VLG 128 - BELCHERTOWN RD
5643, COLONIAL VLG 129 - BELCHERTOWN RD
5644, COLONIAL VLG 13 - BELCHERTOWN RD
5647, BOULDERS 125C - EAST HADLEY RD
5648, ALPINE COMMONS 11 - BELCHERTOWN RD
5649, COLONIAL VLG 133 - BELCHERTOWN RD
5658, COLONIAL VLG 134 - BELCHERTOWN RD
5659, COLONIAL VLG 137 - BELCHERTOWN RD
5663, COLONIAL VLG 143 - BELCHERTOWN RD
5665, COLONIAL VLG 15 - BELCHERTOWN RD
5668, COLONIAL VLG 150 - BELCHERTOWN RD
5669, COLONIAL VLG 152 - BELCHERTOWN RD
5673, COLONIAL VLG 153 - BELCHERTOWN RD
5677, COLONIAL VLG 161 - BELCHERTOWN RD
5686, COLONIAL VLG 168 - BELCHERTOWN RD
5687, COLONIAL VLG 172 - BELCHERTOWN RD
5689, COLONIAL VLG 177 - BELCHERTOWN RD
5694, COLONIAL VLG 179 - BELCHERTOWN RD
5700, COLONIAL VLG 185 - BELCHERTOWN RD
5702, COLONIAL VLG 186 - BELCHERTOWN RD
5703, COLONIAL VLG 19 - BELCHERTOWN RD
5704, COLONIAL VLG 190 - BELCHERTOWN RD
5707, COLONIAL VLG 191 - BELCHERTOWN RD
5711, COLONIAL VLG 199 - BELCHERTOWN RD
5712, COLONIAL VLG 2 - BELCHERTOWN RD
5713, COLONIAL VLG 20 - BELCHERTOWN RD
5714, COLONIAL VLG 22 - BELCHERTOWN RD
5717, COLONIAL VLG 23 - BELCHERTOWN RD
5720, COLONIAL VLG 25 - BELCHERTOWN RD
5733, COLONIAL VLG 29 - BELCHERTOWN RD
5734, COLONIAL VLG 3 - BELCHERTOWN RD
5737, COLONIAL VLG 31 - BELCHERTOWN RD
5738, COLONIAL VLG 33 - BELCHERTOWN RD
5740, COLONIAL VLG 34 - BELCHERTOWN RD
5745, COLONIAL VLG 35 - BELCHERTOWN RD
5746, COLONIAL VLG 37 - BELCHERTOWN RD
5747, COLONIAL VLG 4 - BELCHERTOWN RD
5748, COLONIAL VLG 39 - BELCHERTOWN RD
5756, COLONIAL VLG 43 - BELCHERTOWN RD
5757, COLONIAL VLG 47 - BELCHERTOWN RD
5758, COLONIAL VLG 7 - BELCHERTOWN RD
5760, COLONIAL VLG 9 - BELCHERTOWN RD
5769, COLONIAL VLG 67 - BELCHERTOWN RD
5775, COLONIAL VLG 69 - BELCHERTOWN RD
5782, ERIC CARLE MUSEUM - WEST BAY RD
5783, COLONIAL VLG 83 - BELCHERTOWN RD
5785, COLONIAL VLG 86 - BELCHERTOWN RD
5787, WEST/MILL - MILL LN
5790, SOUTH EAST/MILL - SOUTH EAST ST
5798, HUNT AND PIECH (DENTISTS) - AMITY ST
5799, COLONIAL VLG 95 - BELCHERTOWN RD
5800, COLONIAL VLG 96 - BELCHERTOWN RD
5811, COLONIAL VLG 98 - BELCHERTOWN RD
5813, R. P. & M. ENGINES - SOUTH EAST ST
5814, BOULDERS 115B - EAST HADLEY RD
5818, HAMPSHIRE GYMNASTICS - WEST ST
5819, ALPINE COMMONS 23 - BELCHERTOWN RD
5820, PEOPLES BANK - AMITY ST
5824, ADMISSIONS (STILES HOUSE - HAMP COLLEGE) - WEST ST
5826, DMR HOME - NORTH PLEASANT ST
5828, UMASS) - EAST PLEASANT ST
5829, UMPD (UMASS) - EAST PLEASANT ST
5845, HALCOURT GARDENS BLDGS 1-4 - HALLOCK ST
5851, HALCOURT GARDENS BLDGS 5-6 - HALLOCK ST
5852, ALLEN/PHILLIPS - PHILLIPS ST
5855, NORTH EAST/SHUTESBURY - NORTH EAST ST
5860, ALPINE COMMONS 27 - BELCHERTOWN RD
5862, CHEREWATTI FARM - NORTH EAST ST
5863, UNIVERSITY/AMITY - AMITY ST
5871, UNIVERSITY/NORTHAMPTON - NORTHAMPTON RD
5879, MAIN/SOUTH EAST - MAIN ST
5887, AMHERST HOUSE - MAIN ST
5888, BOLTWOOD LOT - MAIN ST
5898, ALPINE COMMONS 3 - BELCHERTOWN RD
5899, CHERRY HILL CONSERVATION MAINTENANCE BUILDING - MONTAGUE RD
5902, DUNKIN DONUTS - COLLEGE ST
5908, DMR HOME - WEST ST
5909, CVS LOT - NORTH PROSPECT ST
5922, NORTH VLG D1 - NORTH PLEASANT ST
5923, POMEROY LN COOP 2 - POMEROY LN
5926, POMEROY LN COOP 5 - POMEROY LN
5928, POMEROY LN COOP 6 - POMEROY LN
5929, POMEROY LN COOP 11 - POMEROY LN
5930, ALPINE COMMONS 6 - BELCHERTOWN RD
5931, WENTWORTH CONSERVATION AREA - STANLEY ST
5934, WALNUT/WOODSIDE - WOODSIDE AVE
5935, POTWINE/WEST - WEST ST
5937, BAY/WEST - WEST ST
5940, COUNTRY CORNERS/WEST - WEST ST
5941, KAMINS/WEST - WEST ST
5942, MILITARY/WEST - WEST ST
5943, MILL/WEST - MILL LN
5945, MT HOLYOKE/WEST - WEST ST
5947, POMEROY/WEST - WEST ST
5949, SHAYS/WEST - WEST ST
5952, WEST POMEROY/WEST - WEST ST
5955, RAMBLING/WEST BAY - WEST BAY RD
5957, SPENCER/WEST BAY - WEST BAY RD
5958, LONGMEADOW/WEST - WEST ST
5961, AMITY/UNIVERSITY - AMITY ST
5979, ALPINE COMMONS 9 - BELCHERTOWN RD
5981, KELLOGG/TRIANGLE - TRIANGLE ST
5985, LESSEY/TRIANGLE - TRIANGLE ST
5988, RTE 116/SUNDERLAND RD - SUNDERLAND RD
5991, MILL ST/STATE - STATE ST
5995, BOULDERS 125H - EAST HADLEY RD
5996, CHURCHILL/SPRING - SPRING ST
5998, SNELL/SOUTH PLEASANT - SOUTH PLEASANT ST
6000, WALNUT/SOUTH PLEASANT - SOUTH PLEASANT ST
6001, BLAKE FIELD/SNELL - SNELL ST
6002, COLLEGE/SOUTH EAST - SOUTH EAST ST
6008, MILL/SOUTH EAST - SOUTH EAST ST
6011, MOUNT POLLUX/SOUTH EAST - SOUTH EAST ST
6012, POTWINE/SOUTH EAST - SOUTH EAST ST
6013, STANLEY/SOUTH EAST - SOUTH EAST ST
6015, STATION/SOUTH EAST - SOUTH EAST ST
6016, SWALLOW FARMS/SOUTH EAST - SOUTH EAST ST
6017, HITCHCOCK/SOUTH PLEASANT - SOUTH PLEASANT ST
6020, JEFFREY/SOUTH PLEASANT - SOUTH PLEASANT ST
6021, SELLEN/SOUTH PLEASANT - SOUTH PLEASANT ST
6022, SPRING/SEELYE - SEELYE ST
6024, WENTWORTH MANOR/SHAYS - SHAYS ST
6025, KELLOGG/SMITH - SMITH ST
6026, SUNDERLAND TOWN LINE/RTE 116 - SUNDERLAND RD
6030, PUFFERS/SAND HILL - SAND HILL RD
6031, EAST HADLEY/RIVERGLADE - RIVERGLADE DR
6032, STATION/RAIL TRAIL - RAIL TRAIL
6033, POMEROY CT/POMEROY - POMEROY LN
6034, EAST PLEASANT/PINE - PINE ST
6045, ROSEMARY/PINE - PINE ST
6047, SAND HILL/PINE - PINE ST
6049, ANN WHALEN 1 - KELLOGG AVE
6051, HEATHERSTONE/PELHAM - PELHAM RD
6053, JENKS/PELHAM - PELHAM RD
6054, MAIN/PELHAM - PELHAM RD
6055, DANA/NORTHAMPTON - NORTHAMPTON RD
6056, HAZEL/NORTHAMPTON - NORTHAMPTON RD
6057, SNELL/NORTHAMPTON - NORTHAMPTON RD
6060, SOUTH PLEASANT/NORTHAMPTON - NORTHAMPTON RD
6070, SOUTH PROSPECT/NORTHAMPTON - NORTHAMPTON RD
6073, PHILLIPS/NUTTING - NUTTING AVE
6083, OLD TOWN/NORTH PLEASANT - NORTH PLEASANT ST
6084, PHILLIPS/NORTH PLEASANT - NORTH PLEASANT ST
6087, PINE/NORTH PLEASANT - NORTH PLEASANT ST
6095, PUFFTON VILLAGE/NORTH PLEASANT - NORTH PLEASANT ST
6099, TRIANGLE/NORTH PLEASANT - NORTH PLEASANT ST
6102, HEDGEROW/NORTH EAST - NORTH EAST ST
6103, NORTH EAST TERRACE/NORTH EAST - NORTH EAST ST
6104, STRONG/NORTH EAST - NORTH EAST ST
6106, BUTTERFIELD/NORTH PLEASANT - NORTH PLEASANT ST
6110, EASTMAN/NORTH PLEASANT - NORTH PLEASANT ST
6112, FEARING/NORTH PLEASANT - NORTH PLEASANT ST
6122, HALLOCK/NORTH PLEASANT - NORTH PLEASANT ST
6125, HOBART/NORTH PLEASANT - NORTH PLEASANT ST
6129, KELLOGG/NORTH PLEASANT - NORTH PLEASANT ST
6133, MASSACHUSETTS AVE/NORTH PLEASANT - NORTH PLEASANT ST
6134, MCCLELLAN/NORTH PLEASANT - NORTH PLEASANT ST
6137, MILL RIVER REC/MONTAGUE - MONTAGUE RD
6139, SUMMER/MONTAGUE - MONTAGUE RD
6140, SUMMER/MILL ST - MILL ST
6143, POMEROY/MIDDLE - MIDDLE ST
6149, LINCOLN/MASS - MASSACHUSETTS AVE
6150, PRESIDENTS/MASS - MASSACHUSETTS AVE
6151, NORTH PLEASANT/MEADOW - MEADOW ST
6154, SOUTH EAST/MECHANIC - MECHANIC ST
6158, SHUMWAY/MAIN - MAIN ST
6159, SOUTH EAST/MAIN - MAIN ST
6162, SOUTH PLEASANT/MAIN - MAIN ST
6167, SOUTH WHITNEY/MAIN - MAIN ST
6171, SPAULDING/MAIN - MAIN ST
6172, TRIANGLE/MAIN - MAIN ST
6180, WEBSTER/MAIN - MAIN ST
6181, BRIDGE/MARKET HILL - MARKET HILL RD
6182, BOLTWOOD AVE/MAIN - MAIN ST
6183, CHURCHILL/MAIN - MAIN ST
6189, DICKINSON/MAIN - MAIN ST
6190, GRAY/MAIN - MAIN ST
6191, NORTH EAST/MAIN - MAIN ST
6192, NORTH PLEASANT/MAIN - MAIN ST
6194, SALEM ST/MAIN - MAIN ST
6195, GAYLORD/LINCOLN - LINCOLN AVE
6196, NORTHAMPTON/LINCOLN - LINCOLN AVE
6204, BOULDERS 127A - EAST HADLEY RD
6206, BELCHERTOWN/LOGTOWN (WEST) - BELCHERTOWN RD
6207, CURTIS/LOGTOWN - LOGTOWN RD
6208, EDGEHILL/LOGTOWN - LOGTOWN RD
6209, GREENWICH/LONGMEADOW - LONGMEADOW DR
6211, TYLER/LESSEY - LESSEY ST
6212, PULPIT HILL/LEVERETT - LEVERETT RD
6213, BOLTWOOD WALK/KELLOGG - KELLOGG AVE
6216, ANN WHALEN 18 - KELLOGG AVE
6217, MARKET HILL/HENRY - HENRY ST
6218, PINE/HENRY - HENRY ST
6219, PEASE PL/HALLOCK - HALLOCK ST
6220, BELCHERTOWN/HARKNESS - HARKNESS RD
6222, ANN WHALEN 19 - KELLOGG AVE
6223, EATON/GATEHOUSE - GATEHOUSE RD
6224, ANN WHALEN 2 - KELLOGG AVE
6225, VALLEY LANE/FARVIEW - FARVIEW WAY
6226, ALLEN/FEARING - FEARING ST
6228, LINCOLN/FEARING - FEARING ST
6230, NUTTING/FEARING - FEARING ST
6238, MOORLAND/FAIRFIELD - FAIRFIELD ST
6239, WEST POMEROY/FARMINGTON - FARMINGTON RD
6243, STRONG/EAST PLEASANT - EAST PLEASANT ST
6248, TRIANGLE/EAST PLEASANT - EAST PLEASANT ST
6251, VAN METER/EAST PLEASANT - EAST PLEASANT ST
6252, SOUTH PLEASANT/EAST HADLEY - EAST HADLEY RD
6258, WHIPPLETREE/EAST HADLEY - EAST HADLEY RD
6261, BRIDGE/EAST LEVERETT - EAST LEVERETT RD
6262, POKEBERRY/EAST PLEASANT - EAST PLEASANT ST
6263, CHESTNUT CT/EAST PLEASANT - EAST PLEASANT ST
6264, CHESTNUT ST/EAST PLEASANT - EAST PLEASANT ST
6265, EASTMAN/EAST PLEASANT - EAST PLEASANT ST
6266, GRANTWOOD/EAST PLEASANT - EAST PLEASANT ST
6267, HARLOW/EAST PLEASANT - EAST PLEASANT ST
6268, ANN WHALEN 22 - KELLOGG AVE
6269, PLEASANT CT/EAST PLEASANT - EAST PLEASANT ST
6270, PRAY/EAST PLEASANT - EAST PLEASANT ST
6272, ROLLING RIDGE/EAST PLEASANT - EAST PLEASANT ST
6273, TRIANGLE/COTTAGE - COTTAGE ST
6275, ASPEN CHASE/COLLEGE - COLLEGE ST
6277, ANN WHALEN 24 - KELLOGG AVE
6278, BOLTWOOD AVE/COLLEGE - COLLEGE ST
6280, DICKINSON/COLLEGE - COLLEGE ST
6281, SEELYE/COLLEGE - COLLEGE ST
6282, SOUTH WHITNEY/COLLEGE - COLLEGE ST
6284, WEAVER/CHERRY LN - CHERRY LN
6285, SOUTH EAST/BELCHERTOWN - BELCHERTOWN RD
6288, STANLEY/BELCHERTOWN - BELCHERTOWN RD
6290, SPRING/BOLTWOOD AVE - BOLTWOOD AVE
6293, MONTAGUE/BALL - BALL LN
6294, ELF HILL/BAY - BAY RD
6295, HARRIS MT/BAY - BAY RD
6297, HULST/BAY - BAY RD
6298, MECHANIC/BAY - BAY RD
6299, SOUTH EAST/BAY - BAY RD
6300, GATEHOUSE/BELCHERTOWN - BELCHERTOWN RD
6301, LOGTOWN/BELCHERTOWN - BELCHERTOWN RD
6302, OLD BELCHERTOWN/BELCHERTOWN - BELCHERTOWN RD
6303, OLD FARM/BELCHERTOWN - BELCHERTOWN RD
6306, AMITY PL/AMITY - AMITY ST
6307, BLUE HILLS/AMITY - AMITY ST
6309, LINCOLN/AMITY - LINCOLN AVE
6313, RIVERSIDE PARK 11 - MONTAGUE RD
6315, NORTH PLEASANT/AMITY - AMITY ST
6323, SOUTH PLEASANT/AMITY - AMITY ST
6324, SOUTH PROSPECT/AMITY - AMITY ST
6325, AMHERST EQUESTRIAN CENTER - STATION RD
6329, JUDGE PONSOR RESIDENCE - BAY RD
6330, RIVERSIDE PARK 12 - MONTAGUE RD
6331, BELCHERTOWN/OLD BELCHERTOWN (WEST) - BELCHERTOWN RD
6340, JONES PROPERTIES - PRAY ST
6346, MT POLLUX CONSERVATION AREA - MT POLLUX DR
6349, RELIANCE AUTO - BELCHERTOWN RD
6352, ANN WHALEN 27 - KELLOGG AVE
6353, ABC HOUSE - NORTH PROSPECT ST
6354, BANK OF AMERICA ATM - NEAR NEWMAN CENTER - NORTH PLEASANT ST
6355, ALPHA SIGMA PHI - NORTH PLEASANT ST
6372, PI KAPPA ALPHA - NORTH PLEASANT ST
6375, THETA CHI - NORTH PLEASANT ST
6382, GOLD/DESCH PROPERTY - SOUTH EAST ST
6385, HAWTHORN/STATION - HAWTHORN RD
6386, ANN WHALEN 29 - KELLOGG AVE
6387, NORTH WHITNEY ST
6389, BALL LN
6395, BERKSHIRE TER
6405, ANN WHALEN 31 - KELLOGG AVE
6419, FAIRFIELD ST
6432, FARVIEW WAY
6448, NORTH PLEASANT ST ROTARY W/EASTMAN
6479, ANN WHALEN 4 - KELLOGG AVE
6480, OLD MONTAGUE RD
6496, ANN WHALEN 42 - KELLOGG AVE
6509, AMHERST INTERMEDIATE CARE FACILITY - NORTH PLEASANT ST
6520, RIVERSIDE PARK 23 - MONTAGUE RD
6525, STATE ST
6540, CHERRY HILL DEVELOPMENT// BARB APRIL - PULPIT HILL RD
6541, ANN WHALEN 5 - KELLOGG AVE
6542, RIVERSIDE PARK 26 - MONTAGUE RD
6546, CHERRY HILL DEVELOPMENT - PULPIT HILL RD
6552, W D COWLS INC - SUNDERLAND RD
6560, BLACKBERRY LN
6572, ANN WHALEN 53 - KELLOGG AVE
6573, ANN WHALEN 54 - KELLOGG AVE
6576, SALEM PL CONDO 10 - SALEM PL
6581, SALEM PL CONDO 36 - SALEM PL
6582, SALEM PL CONDO 38 - SALEM PL
6586, RED GATE LN
6589, CHERRY LN
6594, RIVERSIDE PARK 32 - MONTAGUE RD
6596, COLONIAL CT
6597, NEWELL CT
6626, DMH HOUSE - EAST PLEASANT ST
6639, ANN WHALEN 66 - KELLOGG AVE
6640, MT PLEASANT ST
6643, MORROW LN
6652, RIVERSIDE PARK 37 - MONTAGUE RD
6653, MAPLEWOOD CIR
6658, HILLS RD
6662, KOEHLER FAMILY TRUST - HILLS RD
6668, RIVERSIDE PARK 39 - MONTAGUE RD
6674, EMILY LN
6683, CENDANT MOBILITY FINANCIAL CORPORATION - EMILY LN
6688, ANN WHALEN 75 - KELLOGG AVE
6701, ANN WHALEN 78 - KELLOGG AVE
6724, HIGH POINT DR
6725, HITCHING POST RD
6728, JASON CT
6729, KINGMAN RD
6732, LILAC LN
6733, RIVERSIDE PARK 7 - MONTAGUE RD
6744, WHIRL WINDS KENNELS - MARKET HILL RD
6749, MORGAN CIR
6751, APHS/WILDLIFE SERVICES - WEST ST
6753, OLYMPIA DR
6756, ROBERTS BUILDERS - WEST ST
6762, ROLLING GREEN 1 - BELCHERTOWN RD
6765, SACCO DR
6768, ROLLING GREEN 10 - BELCHERTOWN RD
6769, SHEERMAN LN
6776, ROLLING GREEN 100 - BELCHERTOWN RD
6778, SHUTESBURY RD
6784, ROLLING GREEN 103 - BELCHERTOWN RD
6790, APPLEWOOD 107 - SPENCER DR
6793, WEAVER CIR
6794, WILDWOOD LN
6795, ROLLING GREEN 104 - BELCHERTOWN RD
6797, BEECH ST
6798, FISHER ST
6800, MONSANTO COMPANY - FROST LN
6801, HARLOW DR
6808, ROLLING GREEN 106 - BELCHERTOWN RD
6812, HARRIS ST
6819, ROLLING GREEN 110 - BELCHERTOWN RD
6820, GRAY ST
6823, AARDVARK APTS - GRAY ST
6839, ROLLING GREEN 112 - BELCHERTOWN RD
6841, EAMES AVE
6842, NELSON CIR
6843, RIDGECREST RD
6845, ROLLING RIDGE RD
6853, ROLLING GREEN 115 - BELCHERTOWN RD
6855, TEAWADDLE LN
6857, AMITY ST
6867, BESTON ST
6869, ROLLING GREEN 117 - BELCHERTOWN RD
6870, BLUE HILLS RD
6873, CHARLES LN
6877, ROLLING GREEN 119 - BELCHERTOWN RD
6884, COTTAGE ST
6887, DANA PL
6889, DANA ST
6898, ROLLING GREEN 121 - BELCHERTOWN RD
6906, HAZEL AVE
6947, NORTH PROSPECT ST
6950, EMILY'S BED AND BREAKFAST - NORTH PROSPECT ST
6965, CHABAD HOUSE - NORTH HADLEY RD
6977, ORCHARD ST
6988, APPLEWOOD 209 - SPENCER DR
6997, PHILLIPS STREET PROPERTIES
7004, SMITH ST
7028, ROLLING GREEN 133 - BELCHERTOWN RD
7029, WOODSIDE AVE
7031, BLAKE FIELD
7032, CHESTERFIELD DR
7042, COLUMBIA DR
7043, MCCARTHY
7045, DICKINSON ST
7049, EAST HADLEY RD
7051, HILLCREST PL
7055, JEFFREY LN
7061, JUSTICE DR
7063, DEBBIE FIDENBURG - JUSTICE DR
7065, KENDRICK PL
7075, LESSEY ST
7081, ROLLING GREEN 142 - BELCHERTOWN RD
7089, SEE CAUTION 3/31/20 - SOUTH PLEASANT ST
7095, AMHERST COLLEGE TRUSTEES - SOUTH PLEASANT ST
7115, ROLLING GREEN 145 - BELCHERTOWN RD
7117, SNELL ST
7119, ALPINE DR
7127, TYLER PL
7142, AUBINWOOD RD
7150, BAYBERRY LN
7157, BIRCHCROFF LN
7158, BRIDLE PATH
7159, CRANBERRY LN
7160, CROSS BROOK DR
7179, DUXBURY LN
7182, FLINTLOCK LN
7183, BOULDERS 131D - EAST HADLEY RD
7184, HARKNESS RD
7191, HICKORY LN
7194, ROLLING GREEN 157 - BELCHERTOWN RD
7198, ROLLING GREEN 158 - BELCHERTOWN RD
7201, KESTREL LN
7203, LAUREL LN
7219, MOSS LN
7225, ROLLING GREEN 165 - BELCHERTOWN RD
7247, POETS CORNER
7252, AUTO EXPRESS - SOUTH EAST ST
7257, SERVICENET - SOUTH EAST ST
7259, SHUMWAY ST
7266, STONY HILL RD
7275, THAYER ST
7279, THE HOLLOW
7280, ROLLING GREEN 174 - BELCHERTOWN RD
7281, APPLEWOOD LN
7282, ARLINGTON RD
7283, ATWATER CIR
7284, BROOKSIDE CT
7286, DEEPWOODS DR
7287, KEDDY BUILDERS
7290, DENNIS DR
7293, FARMINGTON RD
7308, ROLLING GREEN 177 - BELCHERTOWN RD
7353, TRACY CIR
7361, BOULDERS 136A - EAST HADLEY RD
7364, SUMMERHILL BUSINESS FORMS - WEST POMEROY LN
7372, WESTERN LN
7382, WHIPPLETREE LN
7393, ROLLING GREEN 187 - BELCHERTOWN RD
7394, ROLLING GREEN 188 - BELCHERTOWN RD
7395, AUTUMN LN
7399, BALDWIN LN
7405, 417 WEST ST - WEST ST
7437, BLOSSOM LN
7439, CANTERBURY LN
7443, COACH LN
7444, CHAPEL RD
7445, BOULDERS 136B - EAST HADLEY RD
7446, COUNTRY CORNERS RD
7447, ELF HILL RD
7449, EVENINGSTAR DR
7451, ROLLING GREEN 2 - BELCHERTOWN RD
7458, HULST RD
7459, IDUNA LN
7464, INDIAN PIPE LN
7466, ROBERT GARDNER - LADYSLIPPER CIR
7467, LARKSPUR DR
7468, ROLLING GREEN 204 - BELCHERTOWN RD
7471, ROLLING GREEN 22 - BELCHERTOWN RD
7474, ROLLING GREEN 23 - BELCHERTOWN RD
7475, ROLLING GREEN 24 - BELCHERTOWN RD
7483, MILL LN
7488, MCINTOSH DR
7491, OLD BELCHERTOWN RD
7494, MOUNTAIN VIEW CIR
7506, POMEROY LN
7519, BOULDERS 136E - EAST HADLEY RD
7555, SOUTH MT HOLYOKE DR
7557, ROLLING GREEN 46 - BELCHERTOWN RD
7558, SHAYS ST
7572, SHERRY CIR
7573, STAGECOACH RD
7574, ASPEN CHASE 1 - MAIN ST
7575, STATION RD
7582, SWALLOW FARMS RD
7584, TANGLEWOOD RD
7586, TEABERRY LN
7590, ROLLING GREEN 55 - BELCHERTOWN RD
7593, TRILLIUM WAY
7594, VALLEY VIEW CIR
7596, ASPEN CHASE 13 - MAIN ST
7597, VALLEY VIEW DR
7598, WENTWORTH MANOR DR
7599, MICHAEL ALPERT - WENTWORTH MANOR DR
7603, ROLLING GREEN 59 - BELCHERTOWN RD
7622, WOODLOT RD
7631, WILDFLOWER DR
7633, BOULDERS 138A - EAST HADLEY RD
7638, ARBOR WAY
7639, ROLLING GREEN 64 - BELCHERTOWN RD
7640, BUTTERFIELD TER
7665, GILREATH MANOR - HOBART LN
7672, AMHERST HOUSING AUTHORITY OFFICE - KELLOGG AVE
7676, ANN WHALEN ELEVATOR - KELLOGG AVE
7685, W D COWLS INC - COWLS RD
7696, WATROBRA'S - SUNDERLAND RD
7699, SHUMAY I LIMITED PARTNERSHIP - HALLOCK ST
7702, POMEROY COMMONS - WEST ST
7709, EAMES PL
7730, VALLEY VETERINARY HOSPITAL - RUSSELL ST
7731, HAMPSHIRE COUNTY HOUSE OF CORRECTIONS - ROCKY HILL RD
7735, COOLEY DICKINSON HOSPITAL - LOCUST ST
7738, AMHERST RD
7739,1ST FLOOR - SOUTH PROSPECT ST
7740,6 UNIVERSITY DR - UNIVERSITY DR
7741,ACTV - COLLEGE ST
7745,ADAMS ST
7746,AEIOU - UNIVERSITY DR
7747,AFDC - NORTH PLEASANT ST
7783,AFDN - EAST PLEASANT ST
7785,AGARD RESIDENCE - LINCOLN AVE
7786,ALLEN ST
7790,ALLEN/FEARING - FEARING ST
7792,ALLEN/PHILLIPS - PHILLIPS ST
7793,ALPINE COMMONS - BELCHERTOWN RD
7794,ALPINE COMMONS OFFICE - BELCHERTOWN RD
7797,AMERICAN LEGION - AMITY ST
7799,AMETHYST BROOK - PELHAM RD
7803,AMETHYST FARM - NORTH EAST ST
7804,AMHERST BOOK - MAIN ST
7809,AMHERST BOYS AND GIRLS CLUB - COTTAGE ST
7810,AMHERST CENTER MARKET (FORMERLY DB MART) - TRIANGLE ST
7816,AMHERST CHINESE CHRISTIAN CHURCH - BELCHERTOWN RD
7817,AMHERST CINEMA - AMITY ST
7822,AMHERST COFFEE - AMITY ST
7825,AMHERST COLLEGE TENNIS COURT - SOUTH AMHERST COLLEGE DR
7826,AMHERST COLLEGE TENNIS COURT (AMHERST COLLEGE - SOUTH AMHERST COLLEGE DR
7828,AMHERST COLLEGE TRUSTEES - NORTHAMPTON RD
7829,AMHERST COLLEGE TRUSTEES - SOUTH PLEASANT ST
7830,AMHERST COMMUNITY CONNECTION - NORTH PLEASANT ST
7831,AMHERST COPY & DESIGN (FORMALLY COPY CAT) - EAST PLEASANT ST
7832,AMHERST FAMILY CHIROPRACTIC - TRIANGLE ST
7833,AMHERST FARM WINERY - BELCHERTOWN RD
7834,AMHERST FARMERS SUPPLY - SOUTH PLEASANT ST
7838,AMHERST GLASS - MAIN ST
7840,AMHERST GOLF CLUB - SOUTH PLEASANT ST
7844,AMHERST HOUSE OF PIZZA - MONTAGUE RD
7845,AMHERST HOUSING AUTHORITY OFFICE - KELLOGG AVE
7847,AMHERST ICE CREAM SHOP - NORTH PLEASANT ST
7851,AMHERST LANDFILL - BELCHERTOWN RD
7854,AMHERST LASER & SKIN CARE - NORTH PLEASANT ST
7855,AMHERST LAUNDROMAT - COLLEGE ST
7856,"AMHERST MAINTENANCE COMPANY - NORTH EAST ST, [AMH 2967] NORTHAMPTON/DANA - NORTHAMPTON RD			"
7857,AMHERST MOTEL - NORTHAMPTON RD
7858,AMHERST MOTEL (OFFICE) - NORTHAMPTON RD
7859,AMHERST NAILS - EAST PLEASANT ST
7861,AMHERST NURSERY - BELCHERTOWN RD
7863,AMHERST OFFICE PARK - WEST ST
7865,AMHERST OPTICAL SHOPPE - NORTH PLEASANT ST
7868,AMHERST PEDIATRICS - HALL DR
7869,AMHERST PILATES - RAILROAD ST
7870,AMHERST REALTY - MAIN ST
7871,AMHERST SURVIVAL CENTER - SUNDERLAND RD
7874,AMHERST VETERINARY CLINIC - NORTH PLEASANT ST
7876,AMHERST WOMAN'S CLUB - TRIANGLE ST
7878,AMITY PL
7879,AMITY ST
7912,AMITY/BLUE HILLS - AMITY ST
7918,AMITY/DANA - AMITY ST
7919,AMITY/LINCOLN - LINCOLN AVE
7926,AMITY/NORTH PLEASANT - AMITY ST
7928,AMITY/SOUTH PLEASANT - AMITY ST
7929,AMITY/SOUTH PROSPECT - AMITY ST
7930,AMITY/SOUTH SUNSET - AMITY ST
7931,AMITY/UNIVERSITY - AMITY ST
7937,ANDREWS GREENHOUSE - SOUTH EAST ST
7938,ANN WHALEN APTS - KELLOGG AVE
7939,ANN WHALEN APTS (CONTACTS) - KELLOGG AVE
7942,ANTONIOS PIZZA - NORTH PLEASANT ST
7972,APD - MAIN ST
7996,APPLEWOOD - SPENCER DR
7999,APPLEWOOD LN
8000,ARHS - MATTOON ST
8007,ARMS - CHESTNUT ST
8009,ASPEN CHASE - MAIN ST
8013,ASPEN CHASE 1 - MAIN ST
8015,ASPEN CHASE BLG 1 - MAIN ST
8016,ASPEN CHASE CONTACTS - MAIN ST
8019,ATHENA'S PIZZA - UNIVERSITY DR
8020,ATKINS - WEST ST
8036,ATKINS FARM (NORTH) - COWLS RD
8038,AUBINWOOD RD
8040,AUTO EXPRESS - SOUTH EAST ST
8042,BALL LN
8043,BANGS COMMUNITY CTR - BOLTWOOD WALK
8046,BANK OF AMERICA - SOUTH PLEASANT ST
8058,BANK OF AMERICA ATM - NEAR NEWMAN CENTER - NORTH PLEASANT ST
8059,"BARBARA BURKART, LICSW - NORTH PLEASANT ST"
8060,BAY RD
8083,BAY/CHAPEL - BAY RD
8084,BAY/ELF HILL - BAY RD
8085,BAY/HARRIS MOUNTAIN - BAY RD
8087,BAY/HULST - BAY RD
8090,BAY/MIDDLE - BAY RD
8093,BAY/SOUTH EAST - BAY RD
8096,BAY/SOUTH MIDDLE - BAY RD
8098,BAY/WEST - WEST ST
8099,BELCHERTOWN RD
8145,BELCHERTOWN ROAD - BELCHERTOWN RD
8146,BELCHERTOWN/GATEHOUSE - BELCHERTOWN RD
8149,BELCHERTOWN/HALL - BELCHERTOWN RD
8150,BELCHERTOWN/HARKNESS - HARKNESS RD
8156,BELCHERTOWN/LOGTOWN (EAST) - BELCHERTOWN RD
8157,BELCHERTOWN/LOGTOWN (WEST) - BELCHERTOWN RD
8158,BELCHERTOWN/OLD BELCHERTOWN (EAST) - BELCHERTOWN RD
8161,BELCHERTOWN/OLD BELCHERTOWN (WEST) - BELCHERTOWN RD
8162,BELCHERTOWN/OLD FARM - BELCHERTOWN RD
8163,BELCHERTOWN/STANLEY - BELCHERTOWN RD
8166,BERKSHIRE TER
8170,BERKSHIRE/FARVIEW - FARVIEW WAY
8171,BESTON ST
8172,BIG GUY LIQUORS - MONTAGUE RD
8173,BIG Y - UNIVERSITY DR
8202,BIOSHELTERS - SUNDERLAND RD
8203,BLACK SHEEP DELI - MAIN ST
8206,BLACK WALNUT INN - NORTH PLEASANT ST
8207,BLACKBERRY LN
8208,BLACKBERRY/GRANTWOOD - GRANTWOOD DR
8209,BLUE HILLS RD
8211,BLUE HILLS/AMITY - AMITY ST
8212,BLUE HILLS/NORTHAMPTON - NORTHAMPTON RD
8213,BOLTWOOD AVE
8218,BOLTWOOD AVE/COLLEGE - COLLEGE ST
8219,BOLTWOOD AVE/SPRING - BOLTWOOD AVE
8220,BOLTWOOD LOT - MAIN ST
8223,BOLTWOOD WALK
8229,BOLTWOOD WALK/KELLOGG - KELLOGG AVE
8231,BOLTWOOD WLK/MAIN - MAIN ST
8234,BOOK AND PLOW (AMHERST COLLEGE) - SOUTH EAST ST
8236,BOULDERS
8237,BOULDERS 115A1 - EAST HADLEY RD
8238,BOULDERS 138F - EAST HADLEY RD
8239,BOULDERS 142A - EAST HADLEY RD
8240,BOULDERS 142E - EAST HADLEY RD
8241,BOULDERS 145C - EAST HADLEY RD
8242,BOULDERS 151G - EAST HADLEY RD
8244,BOULDERS 151I - EAST HADLEY RD
8245,BOULDERS BLG 125 - EAST HADLEY RD
8246,BOULDERS BLG 136 - EAST HADLEY RD
8247,BOULDERS BLG 142 - EAST HADLEY RD
8249,BOULDERS BLG 147 - EAST HADLEY RD
8250,BRANDYWINE 3H - BRANDYWINE DR
8251,BRANDYWINE BLDG 14 - BRANDYWINE DR
8252,BRANDYWINE BLDG 16 - BRANDYWINE DR
8253,BRANDYWINE BLDG 6 - BRANDYWINE DR
8254,BRANDYWINE DR
8255,BRIDGE ST
8257,BRIGHAM LN
8258,BRIGHAM/SUNSET - SUNSET AVE
8259,BRUEGGER'S BAGELS - NORTH PLEASANT ST
8265,BRUNO'S PIZZA - MAIN ST
8273,BUENO Y SANO - BOLTWOOD WALK
8277,BUS STOP - AMHERST COMMON - SOUTH PLEASANT ST
8278,BUS STOP - ASPEN CHASE (INBOUND) - MAIN ST
8279,BUS STOP - BOULDERS - EAST HADLEY RD
8280,BUS STOP - COLONIAL VILLAGE (INBOUND) - BELCHERTOWN RD
8281,BUS STOP - FINE ARTS CENTER (UMASS) - NORTH PLEASANT ST
8283,BUS STOP - PETER PAN - SOUTH PLEASANT ST
8284,BUS STOP - POST OFFICE (APO) - NORTH PLEASANT ST
8287,BUS STOP - SUNDERLAND RD
8288,BUS STOP - TOWN HALL - MAIN ST
8291,BUS STOP - UNIVERSITY DR
8292,BUSINESS IMPROVEMENT DISTRICT - SOUTH PLEASANT ST
8294,BUTTERFIELD/NORTH PLEASANT - NORTH PLEASANT ST
8295,BUTTERNUT FARM 18 - LONGMEADOW DR
8296,BUTTERNUT FARM APARTMENTS - LONGMEADOW DR
8297,CAMPBELL CT
8299,CAMPUS AUTO PARTS - UNIVERSITY DR
8300,CAMPUS POND (UMASS) - NORTH PLEASANT ST
8302,CANTON AVE
8303,CARRIAGE LN
8304,CASHIN DORMITORY (UMASS) - EASTMAN LN
8305,CENTER FOR EXTENDED CARE - UNIVERSITY DR
8306,CHAPEL RD
8307,CHEREWATTI FARM - NORTH EAST ST
8308,CHERRY HILL CLUB HOUSE - MONTAGUE RD
8309,CHERRY HILL DEVELOPMENT// BARB APRIL - PULPIT HILL RD
8310,CHERYL NINA - UNIVERSITY DR
8311,CHESTNUT CT
8313,CHESTNUT ST
8320,CHESTNUT ST/CHESTNUT CT - CHESTNUT ST
8321,CHESTNUT ST/EAST PLEASANT - EAST PLEASANT ST
8322,CHURCH OF JESUS CHRIST OF LATTER DAY SAINTS - BRIGHAM LN
8323,CHURCHILL ST
8327,CHURCHILL/MAIN - MAIN ST
8330,CITY TIRE - COLLEGE ST
8334,CLARK HOUSE - LESSEY ST
8339,CLARK HOUSE 109 - LESSEY ST
8340,CLAY'S DAFFODIL - MAIN ST
8341,CLUB LIT - BOLTWOOD WALK
8343,COLLECTIVE COPIES - SOUTH PLEASANT ST
8345,COLLEGE INN 12 - BELCHERTOWN RD
8346,COLLEGE INN 22 - BELCHERTOWN RD
8347,COLLEGE INN 34 - BELCHERTOWN RD
8348,COLLEGE INN APTS - BELCHERTOWN RD
8350,COLLEGE INN APTS (CONTACTS) - BELCHERTOWN RD
8355,COLLEGE ST
8379,COLLEGE STREET MOTORS - COLLEGE ST
8383,COLLEGE/BOLTWOOD AVE - COLLEGE ST
8385,COLLEGE/DICKINSON ST - COLLEGE ST
8388,COLLEGE/RAILROAD - COLLEGE ST
8389,COLLEGE/SEELYE - COLLEGE ST
8391,COLLEGE/SHUMWAY - COLLEGE ST
8393,COLLEGE/SOUTH EAST - SOUTH EAST ST
8400,COLLEGE/SOUTH PLEASANT - COLLEGE ST
8403,COLLEGE/SOUTH WHITNEY - COLLEGE ST
8404,COLONIAL VILLAGE - BELCHERTOWN RD
8405,COLONIAL VILLAGE APTS - BELCHERTOWN RD
8412,COLONIAL VILLAGE MAINTENANCE SHED - SOUTH EAST ST
8413,COLONIAL VLG 1 - BELCHERTOWN RD
8414,COLONIAL VLG 120 - BELCHERTOWN RD
8415,COLONIAL VLG 141 - BELCHERTOWN RD
8416,COLONIAL VLG 143 - BELCHERTOWN RD
8417,COLONIAL VLG 147 - BELCHERTOWN RD
8418,COLONIAL VLG 153 - BELCHERTOWN RD
8419,COLONIAL VLG 161 - BELCHERTOWN RD
8420,COLONIAL VLG 22 - BELCHERTOWN RD
8423,COLONIAL VLG 34 - BELCHERTOWN RD
8424,COLONIAL VLG 39 - BELCHERTOWN RD
8426,COLUMBIA DR
8428,COMMON SCHOOL - SOUTH PLEASANT ST
8431,CONCORD WAY
8432,COSBY AVE
8433,COTTAGE ST
8437,COUNTRY CORNERS RD
8438,COUNTRY CORNERS/WEST - WEST ST
8439,COUSIN'S MARKET - EAST PLEASANT ST
8441,COVID CAUTION - EAST PLEASANT ST
8442,COWLES LN
8443,COWLES LN/NORTH PLEASANT - COWLES LN
8444,COWLES/NORTH PLEASANT - NORTH PLEASANT ST
8445,COWLS RD
8451,COWLS/MONTAGUE - MONTAGUE RD
8452,CRAIG'S DOORS OFFICE - NORTH PLEASANT ST
8453,CRAZY NOODLE
8458,CRESTVIEW (CONTACTS) - NORTH PLEASANT ST
8459,CRESTVIEW 10 - NORTH PLEASANT ST
8461,CRESTVIEW/NORTH PLEASANT - NORTH PLEASANT ST
8462,CROCKER FARM SCHOOL - WEST ST
8469,CROSS BROOK DR
8470,CROTTY HALL - NORTH PLEASANT ST
8471,CUMBERLAND FARMS - BELCHERTOWN RD
8489,CUMBERLAND FARMS - MONTAGUE RD
8510,CUSHMAN MARKET & CAFE - PINE ST
8516,CUSHMAN VILLAGE GREEN - BRIDGE ST
8517,CV RAILROAD/STRONG - STRONG ST
8519,CVS - NORTH PLEASANT ST
8538,CVS - UNIVERSITY DR
8547,CVS LOT - NORTH PROSPECT ST
8550,DAKIN HOUSE (HAMP COLL) - SOUTH CAMPUS DR
8551,DANA ST
8552,DANA/AMITY - AMITY ST
8553,DAYTON LN
8554,DICKINSON ST
8555,DICKINSON/MAIN - MAIN ST
8556,DICKINSON/SPRING - DICKINSON ST
8557,DORSEY MEMORIALS - MAIN ST
8558,DOUGLASS FUNERAL - NORTH PLEASANT ST
8559,DPW - SOUTH PLEASANT ST
8560,DR GLADSTONE - DICKINSON ST
8561,DUKES (OLD AMHERST TOWING - SUNDERLAND RD
8562,DUNKIN DONUTS - COLLEGE ST
8571,DUNKIN DONUTS - UNIVERSITY DR
8576,EAMES AVE/EAST PLEASANT - EAST PLEASANT ST
8577,EAMES PL
8579,EAST AMHERST VLG - NORTH EAST ST
8580,EAST AMHERST VLG B4 A8 - NORTH EAST ST
8581,EAST HADLEY RD
8601,EAST HADLEY/CHESTERFIELD - EAST HADLEY RD
8602,EAST HADLEY/COLUMBIA - EAST HADLEY RD
8605,EAST HADLEY/SOUTH PLEASANT - EAST HADLEY RD
8611,EAST LEVERETT RD
8620,EAST LEVERETT/LEVERETT - LEVERETT RD
8623,EAST PLEASANT ST
8685,EAST PLEASANT/ WATER TOWERS - EAST PLEASANT ST
8686,EAST PLEASANT/CHESTNUT ST - EAST PLEASANT ST
8688,EAST PLEASANT/EAMES AVE - EAST PLEASANT ST
8689,EAST PLEASANT/EASTMAN - EAST PLEASANT ST
8692,EAST PLEASANT/GRANTWOOD - EAST PLEASANT ST
8693,EAST PLEASANT/MT PLEASANT - EAST PLEASANT ST
8694,EAST PLEASANT/NORTH PLEASANT - EAST PLEASANT ST
8696,EAST PLEASANT/OLYMPIA - EAST PLEASANT ST
8698,EAST PLEASANT/ORCHARD HILL - EAST PLEASANT ST
8700,EAST PLEASANT/OWEN DR - EAST PLEASANT ST
8705,EAST PLEASANT/PINE - PINE ST
8712,EAST PLEASANT/PRAY - EAST PLEASANT ST
8715,EAST PLEASANT/STRONG - EAST PLEASANT ST
8722,EASTMAN/EAST PLEASANT - EAST PLEASANT ST
8723,EASTMAN/NORTH PLEASANT - NORTH PLEASANT ST
8724,EASTMAN/THATCHER - EASTMAN LN
8725,ECHO HILL/ALPINE - ALPINE DR
8726,ECHO VLG APARTMENTS - GATEHOUSE RD
8728,EDGEHILL PL
8729,ELEMENTS HOT TUB SPA - MAIN ST
8730,EMILY DICKINSON HOMESTEAD - MAIN ST
8732,EMILY LN
8733,ENTERPRISE RENT A CAR - COLLEGE ST
8734,ERIC CARLE MUSEUM - WEST BAY RD
8736,ERNIE'S TOWING - MONTAGUE RD
8738,EVERGREEN LN
8739,FARMINGTON RD
8744,FARVIEW WAY
8746,FEARING ST
8749,FEARING/ALLEN - FEARING ST
8752,FEARING/LINCOLN - FEARING ST
8760,FEARING/MCCLURE - FEARING ST
8762,FEARING/NORTH PLEASANT - NORTH PLEASANT ST
8765,FEARING/NUTTING - FEARING ST
8771,FEARING/SUNSET - SUNSET AVE
8773,FINE ARTS CENTER (UMASS) - PRESIDENTS DR
8776,FIRST BAPTIST CHURCH - NORTH PLEASANT ST
8782,FL ROBERTS/NOURIA (WAS EXXON/MOBIL) - NORTHAMPTON RD
8783,FLAT HILLS RD
8786,FLAT HILLS/MARKET HILL - MARKET HILL RD
8788,FLORENCE SAVINGS BANK - COLLEGE ST
8791,FORMOSA (OLD AMHERST CHINESE) - MAIN ST
8792,FORT HILL AUTO BODY - COLLEGE ST
8793,FORT RIVER SCHOOL - SOUTH EAST ST
8825,FOUR GUYS AND A BIG TRUCK - NORTH PLEASANT ST
8826,FOXGLOVE LN
8828,FRIENDS OF HOSPICE - NORTH PLEASANT ST
8829,GARNIER LLC - MONTAGUE RD
8830,GATEHOUSE RD
8833,GATEHOUSE/BELCHERTOWN - BELCHERTOWN RD
8834,GAYLORD ST
8835,GENERAL CLEANERS - WEST ST
8836,GILREATH MANOR 18 - HOBART LN
8837,GINGER GARDEN - NORTHAMPTON RD
8839,GLAZED DOUGHNUT SHOP - NORTH PLEASANT ST
8840,GLENDALE RD
8846,GOODWILL - UNIVERSITY DR
8849,GOVENORS/NORTH PLEASANT - NORTH PLEASANT ST
8850,GRACE EPISCOPAL CHURCH - BOLTWOOD AVE
8851,GRANTWOOD DR
8868,GRANTWOOD/BLACKBERRY - GRANTWOOD DR
8869,GRANTWOOD/EAST PLEASANT - EAST PLEASANT ST
8870,GRAY ST
8885,GRAY/MAIN - MAIN ST
8886,GREENFIELD SAVINGS BANK - NORTH PLEASANT ST
8889,GREENFIELD SAVINGS BANK - UNIVERSITY DR
8890,GREENLEAVES BLDG 23 - GREENLEAVES DR
8891,GREENLEAVES BLDG 26 APT 611 - GREENLEAVES DR
8892,GREENLEAVES BLDG 27 - GREENLEAVES DR
8894,GREENLEAVES DR
8899,GROFF PARK - MILL LN
8901,HAIR BY HARLOW DAY SPA - NORTH PLEASANT ST
8902,HALL DR
8905,HALLOCK ST
8906,HALLOCK/NORTH PLEASANT - NORTH PLEASANT ST
8907,HALLOCK/PEASE PL - HALLOCK ST
8908,HAMPSHIRE BICYCLE EXCHANGE - UNIVERSITY DR
8909,HAMPSHIRE COLLEGE - WEST ST
8910,HAMPSHIRE HEALTH & FITNESS - GATEHOUSE RD
8912,HAMPSHIRE VETERINARY - SNELL ST
8913,HANGAR
8928,HARKNESS RD
8931,HARLOW DR
8933,HARP
8939,HARRIS MOUNTAIN RD
8942,HASTINGS
8949,HAWKINS MEADOW 354C - NORTHAMPTON RD
8950,HAWKINS MEADOW CONTACTS - NORTHAMPTON RD
8951,HEATHERSTONE RD
8953,HEATHERSTONE/AUBINWOOD - HEATHERSTONE RD
8954,HENION BAKERY - NORTH PLEASANT ST
8955,HENRY ST
8969,HENRY/PINE - HENRY ST
8970,HICKORY RIDGE C C - WEST POMEROY LN
8980,HIGH HORSE - NORTH PLEASANT ST
8985,HIGH POINT DR
8987,HIGH ST
8994,HIGH/MAIN - MAIN ST
8995,HILLCREST PL
8996,HILLEL HOUSE - NORTH PLEASANT ST
8997,HILLS - HILLS RD
8998,HITCHCOCK CTR ENVIROMENT (HAMPSHIRE COLLEGE) - WEST ST
8999,HITCHCOCK/SOUTH PLEASANT - SOUTH PLEASANT ST
9001,HITCHING POST RD
9003,HOBART LN
9006,HOBART/NORTH PLEASANT - NORTH PLEASANT ST
9010,HOMELESS SHELTER/CRAIG'S PLACE - NORTH PLEASANT ST
9012,HOP BROOK RD
9013,HOSPICE SHOP (FRIENDS OF THE FISHER HOME) - UNIVERSITY DR
9014,HOUSE OF TERIYAKI - NORTH PLEASANT ST
9016,HULST RD
9020,HUNT AND PIECH (DENTISTS) - AMITY ST
9022,HUNTER HILL/COLUMBIA DR - HUNTER HILL CIR
9023,IDUNA LN
9024,IMMANUEL LUTHERAN CHURCH - NORTH PLEASANT ST
9025,INN ON BOLTWOOD - BOLTWOOD AVE
9026,INSOMNIA COOKIES - MAIN ST
9030,INTEGRATED LEARNING CENTER - NORTH PLEASANT ST
9031,INTEGRATED SCIENCES BUILDING (UMASS) - NORTH PLEASANT ST
9032,IYA SUSHI & NOODLE - EAST PLEASANT ST
9035,JAKES ( OLDBREAD & BUTTER RESTERAUNT) - COWLS RD
9036,JASON/GRANTWOOD - GRANTWOOD DR
9037,JEAN ELDER HOUSE (OFFICE) - CHESTNUT ST
9038,JEFFREY LN
9039,JEFFREY/SOUTH PLEASANT - SOUTH PLEASANT ST
9040,JENKS ST
9043,JENKS/PELHAM - PELHAM RD
9044,JEWISH COMMUNITY OF AMHERST - MAIN ST
9048,JOHN NUTTING APTS 34 - CHESTNUT CT
9049,JOHN NUTTING APTS 36 - CHESTNUT CT
9050,JOHNNY'S TAVERN - BOLTWOOD WALK
9052,JONES GROUP - PRAY ST
9053,JONES LIBRARY - AMITY ST
9080,JONES NEYLON INSURANCE - AMITY ST
9081,JONES TOWN & COUNTRY REAL ESTATE - TRIANGLE ST
9082,JUDIE'S RESTAURANT - NORTH PLEASANT ST
9086,JUSTICE DR
9087,JUSTICE/COLUMBIA - COLUMBIA DR
9088,KAMINS REAL ESTATE - AMITY ST
9089,KAY BAKER'S ANTIQUES - NORTH PLEASANT ST
9090,KEEFE HEALTH CENTER (AMHERST COLLEGE) - COLLEGE ST
9091,KELLOGG AVE
9097,KELLOGG/BOLTWOOD WLK - KELLOGG AVE
9099,KELLOGG/NORTH PLEASANT - NORTH PLEASANT ST
9106,KELLOGG/SMITH - SMITH ST
9107,KELLY'S DINER - COLLEGE ST
9109,KENDRICK PARK - EAST PLEASANT ST
9112,KENDRICK PL
9118,KENDRICK PLACE - EAST PLEASANT ST
9119,KENDRICK PLACE 503 - EAST PLEASANT ST
9120,KENDRICK PLACE APTS / RETAIL BLDG - EAST PLEASANT ST
9121,KENDRICK PLACE CONDOS/RETAIL BLDG/CONTACTS - EAST PLEASANT ST
9123,KIWANIS CLUB BALL FIELD - STANLEY ST
9124,KNOWLES FLOWER SHOP - NORTH PLEASANT ST
9125,KNOWLTON DORMITORY (UMASS) - NORTH PLEASANT ST
9126,LARCH HILL CONSERVATION - HILLCREST PL
9127,LAUNDRY CLUB - UNIVERSITY DR
9128,LEADER HOME CENTER - COLLEGE ST
9132,LEFT-CLICK COMPUTERS - COWLES LN
9135,LELAND HOUSE (AMHERST COLLEGE) - SPRING ST
9136,LESSEY ST
9142,LESSEY/MAIN - LESSEY ST
9143,LESSEY/TYLER - LESSEY ST
9144,LEVERETT RD
9146,LEVERETT/PULPIT HILL - LEVERETT RD
9148,LIBERTY TAX - COLLEGE ST
9153,LILI'S RESTAURANT - NORTH PLEASANT ST
9155,LIME RED TEAHOUSE - MAIN ST
9156,LINCOLN APARTMENTS - LINCOLN AVE
9157,LINCOLN AVE
9176,LINCOLN REALTY - NORTH PLEASANT ST
9177,LINCOLN/AMITY - LINCOLN AVE
9178,LINCOLN/ELM - LINCOLN AVE
9179,LINCOLN/GAYLORD - LINCOLN AVE
9180,LINCOLN/MCCLELLAN - LINCOLN AVE
9181,LOGTOWN RD
9182,LONGMEADOW DR
9189,LOT 43 (UMASS) WEST OF TOTMAN - EASTMAN LN
9190,M&M LINKS - NORTH PLEASANT ST
9191,MAIN ST
9267,MAIN STREET - MAIN ST
9268,MAIN/BOLTWOOD WLK - MAIN ST
9274,MAIN/CHURCHILL - MAIN ST
9277,MAIN/CV RAILROAD - MAIN ST
9278,MAIN/DICKINSON - MAIN ST
9279,MAIN/GRAY - MAIN ST
9282,MAIN/HIGH - MAIN ST
9284,MAIN/NORTH EAST - MAIN ST
9287,MAIN/NORTH PLEASANT - MAIN ST
9288,MAIN/SALEM ST - MAIN ST
9289,MAIN/SEELYE - MAIN ST
9292,MAIN/SHUMWAY - MAIN ST
9295,MAIN/SOUTH EAST - MAIN ST
9297,MAIN/SOUTH PLEASANT - MAIN ST
9300,MAIN/SOUTH WHITNEY - MAIN ST
9301,MAIN/WEBSTER - MAIN ST
9303,MARKET HILL RD
9313,MASONIC TEMPLE - MAIN ST
9315,MASS MUTUAL/KENDRICK PLACE CONDO BLDG - EAST PLEASANT ST
9317,MASSACHUSETTS AVE
9318,MASSACHUSETTS AVE/NORTH PLEASANT - NORTH PLEASANT ST
9319,MASSMEDICUM - UNIVERSITY DR
9320,MATT'S BARBER SHOP - BOLTWOOD WALK
9322,MATTOON ST
9326,MATTOON/TRIANGLE - TRIANGLE ST
9328,MCCLELLAN ST
9338,MCCLELLAN/BESTON - MCCLELLAN ST
9339,MCCLELLAN/LINCOLN - LINCOLN AVE
9340,MCCLELLAN/NORTH PLEASANT - NORTH PLEASANT ST
9341,MCCLURE ST
9342,MCMURPHYS
9343,MCMURPHYS - NORTH PLEASANT ST
9348,MEADOW ST
9365,MEADOW/NORTH PLEASANT - MEADOW ST
9367,MEADOW/RTE 116 - MEADOW ST
9380,MECHANIC ST
9381,MEMORIAL DR
9382,MEMORIAL/SOUTH PLEASANT - SOUTH PLEASANT ST
9384,MERCY HOUSE CHURCH - NORTH PLEASANT ST
9387,MERRICK CIR
9388,MIDDLE ST
9400,MIDDLE/POTWINE - MIDDLE ST
9403,MIDDLE/SOUTH ORCHARD - MIDDLE ST
9404,MILITARY/WEST - WEST ST
9407,MILL HOLLOW 12 - SUMMER ST
9408,MILL HOLLOW 33 - SUMMER ST
9409,MILL HOLLOW 43 - SUMMER ST
9410,MILL HOLLOW 51 - SUMMER ST
9411,MILL HOLLOW 58 - SUMMER ST
9413,MILL HOLLOW BLG 155 - SUMMER ST
9414,MILL LN
9422,MILL RIVER REC AREA - MONTAGUE RD
9427,MILL ST
9428,MILL ST/STATE - STATE ST
9430,MILL ST/SUMMER - MILL ST
9431,MILL VALLEY - RIVERGLADE DR
9432,MILL VALLEY 340A - RIVERGLADE DR
9433,MILL VALLEY 340J - RIVERGLADE DR
9434,MILL VALLEY 382 - RIVERGLADE DR
9435,MILL VALLEY 540G - RIVERGLADE DR
9436,MILL VALLEY 760H - RIVERGLADE DR
9437,MILL VALLEY BLG 340 - RIVERGLADE DR
9438,MILL VALLEY BLG 360 - RIVERGLADE DR
9439,MILL VALLEY BLG 520 - RIVERGLADE DR
9440,MILL VALLEY BLG 540 - RIVERGLADE DR
9441,MILL/SOUTH EAST - SOUTH EAST ST
9443,MILL/WEST - MILL LN
9444,MINUTEMAN CLEANERS - PRAY ST
9447,MISS SAIGON - NORTH PLEASANT ST
9450,MISSION CANTINA - WEST ST
9451,MOAN & DOVE - WEST ST
9453,MOM'S HOUSE CHINESE FOOD MARKET - COLLEGE ST
9454,MONKEY BAR/LA GALLERIA - NORTH PLEASANT ST
9470,MONTAGUE/NORTH PLEASANT - MONTAGUE RD
9471,MONTESSORI SCHOOL - POMEROY LN
9472,MOORE DORMITORY (AMHERST COLLEGE) - COLLEGE ST
9473,MORROW LN
9474,MOSS LN
9475,MOSS/STONY HILL - STONY HILL RD
9476,MOUNT POLLUX/SOUTH EAST - SOUTH EAST ST
9477,MT POLLUX/SOUTH EAST - SOUTH EAST ST
9478,MULLINS WAY
9479,MUNSON LIBRARY - SOUTH EAST ST
9481,MUSANTE HEALTH CENTER - BOLTWOOD WALK
9482,NEIGHBORHOOD DAIRY STORE - COLLEGE ST
9484,NEWELL/TAYLOR - TAYLOR ST
9485,NEWMAN CENTER - NORTH PLEASANT ST
9487,none
9489,NORTH CEMETERY - EAST PLEASANT ST
9495,NORTH EAST ST
9528,NORTH EAST/HEDGEROW - NORTH EAST ST
9530,NORTH EAST/NORTH EAST TERRACE (ENTRANCE) - NORTH EAST ST
9531,NORTH EAST/SHUTESBURY - NORTH EAST ST
9532,NORTH EAST/SHUTESBURY - SHUTESBURY RD
9533,NORTH EAST/STRONG - NORTH EAST ST
9535,NORTH HADLEY RD
9536,NORTH PLEASANT ST
9649,NORTH PLEASANT ST APARTMENTS - NORTH PLEASANT ST
9650,NORTH PLEASANT/AMITY - AMITY ST
9651,NORTH PLEASANT/COWLES - NORTH PLEASANT ST
9653,NORTH PLEASANT/EAST PLEASANT - EAST PLEASANT ST
9655,NORTH PLEASANT/EASTMAN - NORTH PLEASANT ST
9659,NORTH PLEASANT/FAIRFIELD - NORTH PLEASANT ST
9660,NORTH PLEASANT/FEARING - NORTH PLEASANT ST
9666,NORTH PLEASANT/FISHER - NORTH PLEASANT ST
9667,NORTH PLEASANT/HALLOCK - NORTH PLEASANT ST
9668,NORTH PLEASANT/KELLOGG - NORTH PLEASANT ST
9669,NORTH PLEASANT/MAIN - MAIN ST
9670,NORTH PLEASANT/MASSACHUSETTS AVE - NORTH PLEASANT ST
9673,NORTH PLEASANT/MCCLELLAN - NORTH PLEASANT ST
9674,NORTH PLEASANT/MEADOW - MEADOW ST
9678,NORTH PLEASANT/OLD NORTH PLEASANT - NORTH PLEASANT ST
9679,NORTH PLEASANT/OLD TOWN - NORTH PLEASANT ST
9680,NORTH PLEASANT/PHILLIPS - NORTH PLEASANT ST
9684,NORTH PLEASANT/PINE - NORTH PLEASANT ST
9685,NORTH PLEASANT/PRESIDENTIAL APTS - NORTH PLEASANT ST
9686,NORTH PLEASANT/TRIANGLE - NORTH PLEASANT ST
9688,NORTH PROSPECT ST
9695,NORTH PROSPECT/AMITY - AMITY ST
9696,NORTH PROSPECT/HALLOCK
9697,NORTH UNIVERSITY/AMITY - NORTH UNIVERSITY DR
9698,NORTH UNIVERSITY/MASS - NORTH UNIVERSITY DR
9699,NORTH VILLAGE - NORTH PLEASANT ST
9700,NORTH WHITNEY ST
9705,NORTH WHITNEY/CV RAILROAD - NORTH WHITNEY ST
9707,NORTH WHITNEY/HARVARD - NORTH WHITNEY ST
9708,NORTH WHITNEY/MAIN - MAIN ST
9710,NORTHAMPTON CO-OP DIV OF GREENFIELD CO-OP BAN - COLLEGE ST
9714,NORTHAMPTON RD
9729,NORTHAMPTON/BLUE HILLS - NORTHAMPTON RD
9730,NORTHAMPTON/DANA - NORTHAMPTON RD
9731,NORTHAMPTON/HAZEL - NORTHAMPTON RD
9732,NORTHAMPTON/KENDRICK - NORTHAMPTON RD
9734,NORTHAMPTON/LINCOLN - LINCOLN AVE
9736,NORTHAMPTON/ORCHARD - NORTHAMPTON RD
9737,NORTHAMPTON/SNELL - NORTHAMPTON RD
9739,NORTHAMPTON/SOUTH PLEASANT - NORTHAMPTON RD
9747,NORTHAMPTON/SOUTH PROSPECT - NORTHAMPTON RD
9749,NORTHAMPTON/UNIVERSITY - NORTHAMPTON RD
9763,NORTHAMPTON/WOODSIDE - NORTHAMPTON RD
9764,NORWOTTOCK CIR
9765,NORWOTTUCK FISH & GAME CLUB - WEST ST
9768,NOTCH VISITORS CENTER - WEST ST
9788,NUTTING AVE
9792,NUTTING/FEARING - FEARING ST
9794,OAK KNOLL
9795,OFFICE SPACE - SOUTH PLEASANT ST
9796,OLD BELCHERTOWN RD
9797,OLD BELCHERTOWN/BELCHERTOWN - BELCHERTOWN RD
9801,OLD FARM RD
9806,OLD FARM/CROSS BROOK - OLD FARM RD
9807,OLYMPIA DR
9812,OLYMPIA OAKS - OLYMPIA DR
9813,OLYMPIA OAKS 21 - OLYMPIA DR
9814,OLYMPIA OAKS 4 - OLYMPIA DR
9815,OLYMPIA OAKS 42 - OLYMPIA DR
9816,OLYMPIA PLACE 312 - OLYMPIA DR
9817,OLYMPIA/EAST PLEASANT - EAST PLEASANT ST
9818,ONE EAST PLEASANT 412 - EAST PLEASANT ST
9819,ONE EAST PLEASANT APTS / RETAIL BLDG - EAST PLEASANT ST
9820,ORCHARD HILL/EAST PLEASANT - EAST PLEASANT ST
9822,ORCHARD ST
9824,OVERLOOK DR
9825,OWEN DR
9827,OWEN DR / EAST PLEASANT ST - EAST PLEASANT ST
9829,PALLEY VILLAGE - PALLEY VILLAGE PL
9832,PALLEY VILLAGE PL
9833,PANDA EAST - NORTH PLEASANT ST
9834,PARADISE OF INDIA - MAIN ST
9836,PARKING GARAGE - BOLTWOOD WALK
9837,PASTA E BASTA - MAIN ST
9844,PEASE PL
9845,PEBBLE RIDGE/HEATHERSTONE - HEATHERSTONE RD
9846,PELHAM RD
9857,PELHAM/BAYBERRY - PELHAM RD
9858,PELHAM/HEATHERSTONE - PELHAM RD
9860,PEOPLE'S UNITED BANK - EAST PLEASANT ST
9872,PEOPLES BANK - AMITY ST
9873,PERRY
9874,PERRY - AMITY ST
9876,PERRY 101
9877,PERRY 116
9879,PERRY 315
9880,PETER PAN BUS LINES - SOUTH PLEASANT ST
9883,PHILLIPS ST
9895,PHILLIPS/ALLEN - PHILLIPS ST
9897,PHILLIPS/NORTH PLEASANT - NORTH PLEASANT ST
9899,PHILLIPS/NUTTING - NUTTING AVE
9902,PI KAPPA PHI (FORMERLY ALPHA CHI OMEGA) - NUTTING AVE
9903,PICKERING'S - MAIN ST
9904,PINE GROVE
9906,PINE HOLLOW - MAIL HOUSE - PINE ST
9907,PINE HOLLOW 41 - PINE ST
9908,PINE ST
9930,PINE/BRIDGE - PINE ST
9931,PINE/EAST PLEASANT - PINE ST
9936,PINE/HARRIS - PINE ST
9937,PINE/NORTH PLEASANT - NORTH PLEASANT ST
9939,PINE/STATE - PINE ST
9940,PLEASANT CT
9941,PLUMBROOK FIELD - POTWINE LN
9942,PLUMTREES RD
9943,POKEBERRY RIDGE
9945,POKEBERRY/EAST PLEASANT - EAST PLEASANT ST
9947,POMEROY COMMONS - WEST ST
9948,POMEROY LANE COOP - POMEROY LN
9949,POMEROY LN
9963,POMEROY LN COOP - POMEROY LN
9964,POMEROY LN COOP 17 - POMEROY LN
9965,POMEROY LN COOP 5 - POMEROY LN
9966,POMEROY/CARRIAGE - POMEROY LN
9967,POMEROY/MIDDLE - MIDDLE ST
9970,PONDVIEW DR
9972,PORTA (FORMERLY BERTUCCI'S) - EAST PLEASANT ST
9976,POST OFFICE/CENTER - NORTH PLEASANT ST
9986,POST OFFICE/NORTH AMHERST - MONTAGUE RD
9988,POST OFFICE/UNIV DR - UNIVERSITY DR
9991,POTWINE LN
10004,POTWINE/MIDDLE - MIDDLE ST
10006,POTWINE/SOUTH EAST - SOUTH EAST ST
10008,POTWINE/WEST - WEST ST
10009,PRAY ST
10011,PRAY STREET LOT - PRAY ST
10013,PRAY/EAST PLEASANT - EAST PLEASANT ST
10014,PRAY/TRIANGLE - TRIANGLE ST
10015,PRESIDENTIAL 1 - NORTH PLEASANT ST
10016,PRESIDENTIAL 116 - NORTH PLEASANT ST
10017,PRESIDENTIAL 60 - NORTH PLEASANT ST
10018,PRESIDENTIAL 93 - NORTH PLEASANT ST
10019,PRESIDENTIAL 98 - NORTH PLEASANT ST
10021,PRESIDENTS/MASS - MASSACHUSETTS AVE
10022,PRIMO PIZZARIA TOO - TRIANGLE ST
10026,PUB
10032,PUFFERS POND - STATE ST
10052,PUFFERS/SAND HILL - SAND HILL RD
10053,PUFFTON VILLAGE - NORTH PLEASANT ST
10054,PUFFTON VILLAGE 1 - NORTH PLEASANT ST
10056,PUFFTON VILLAGE 201 - NORTH PLEASANT ST
10057,PUFFTON VILLAGE 203 - NORTH PLEASANT ST
10058,PUFFTON VILLAGE 205 - NORTH PLEASANT ST
10059,PUFFTON VILLAGE 21 - NORTH PLEASANT ST
10060,PUFFTON VILLAGE 259 - NORTH PLEASANT ST
10061,PUFFTON VILLAGE 35 - NORTH PLEASANT ST
10062,PUFFTON VILLAGE 350 - NORTH PLEASANT ST
10063,PUFFTON VILLAGE 365 - NORTH PLEASANT ST
10064,PUFFTON VILLAGE 390 - NORTH PLEASANT ST
10065,PUFFTON VILLAGE 405 - NORTH PLEASANT ST
10066,PUFFTON VILLAGE 52 - NORTH PLEASANT ST
10067,PUFFTON VILLAGE 522 - NORTH PLEASANT ST
10068,PUFFTON VILLAGE 533 - NORTH PLEASANT ST
10069,PUFFTON VILLAGE 546 - NORTH PLEASANT ST
10070,PUFFTON VILLAGE 556 - NORTH PLEASANT ST
10071,PUFFTON VILLAGE 69 - NORTH PLEASANT ST
10072,PUFFTON VILLAGE 78 - NORTH PLEASANT ST
10073,PUFFTON VILLAGE 81 - NORTH PLEASANT ST
10074,PUFFTON VILLAGE OFFICE - NORTH PLEASANT ST
10079,PUFFTON VILLAGE/NORTH PLEASANT - NORTH PLEASANT ST
10081,PULPIT HILL RD
10083,PULPIT HILL/LEVERETT - LEVERETT RD
10084,PULPIT HILL/MILL ST - PULPIT HILL RD
10085,R & P PACKAGE STORE - WEST ST
10086,RAFTERS - AMITY ST
10090,RAIL TRAIL/ AMHERST COLLEGE DIRT RD - RAIL TRAIL
10091,RAIL TRAIL/HAZEL - RAIL TRAIL
10093,RAIL TRAIL/SOUTH PLEASANT - RAIL TRAIL
10095,RAILROAD ST
10096,RAILROAD/COLLEGE - COLLEGE ST
10097,RAMBLING RD
10098,RED BARN - WEST ST
10099,RED BARN MUSIC - MAIN ST
10100,RED GATE LN
10101,RELIANCE AUTO - BELCHERTOWN RD
10104,REN'S MOBIL - NORTH PLEASANT ST
10119,REN'S USED CAR LO - BELCHERTOWN RD
10120,RIDGECREST RD
10122,RISE - MEADOW ST
10125,RIVERGLADE DR
10127,ROLLING GREEN - BELCHERTOWN RD
10128,ROLLING GREEN 1 - BELCHERTOWN RD
10130,ROLLING GREEN 10 - BELCHERTOWN RD
10131,ROLLING GREEN 102 - BELCHERTOWN RD
10132,ROLLING GREEN 103 - BELCHERTOWN RD
10133,ROLLING GREEN 165 - BELCHERTOWN RD
10134,ROLLING GREEN 18 - BELCHERTOWN RD
10135,ROLLING GREEN 54 - BELCHERTOWN RD
10136,ROLLING GREEN 89 - BELCHERTOWN RD
10137,ROLLING RIDGE RD
10138,ROLLING RIDGE/EAST PLEASANT - EAST PLEASANT ST
10139,ROSEMARY ST
10141,ROTARY NORTH - WEST ST
10148,ROTARY SOUTH - WEST ST
10153,RTE 116/MEADOW - MEADOW ST
10158,RTE 116/SUNDERLAND RD - SUNDERLAND RD
10161,RTE 116/SUNDERLAND TOWN LINE - SUNDERLAND RD
10164,RUSSELL'S LIQUORS INC - MAIN ST
10171,RUSSELLVILLE RD
10173,RUSSELLVILLE/MEADOW - MEADOW ST
10174,SALEM PL CONDO 44 - SALEM PL
10175,SAND HILL RD
10180,SAND HILL/PINE - PINE ST
10181,SANDYS BARBER SHOP - NORTH PLEASANT ST
10184,SEELYE ST
10185,SEELYE/MAIN - MAIN ST
10186,SEI BELLA SALON - BOLTWOOD WALK
10187,SELLEN ST
10190,SELLEN/SOUTH PLEASANT - SOUTH PLEASANT ST
10194,SELLEN/SOUTH PROSPECT - SOUTH PROSPECT ST
10195,SEVENTY U DRIVE 308 - UNIVERSITY DR
10196,SHAYS ST
10205,SHAYS/WENTWORTH MANOR - SHAYS ST
10206,SHAYS/WEST - WEST ST
10207,SHEERMAN LN
10209,SHIRU CAFE (FORMERLY SHARE COFFEE) - KELLOGG AVE
10214,SHUMWAY ST
10217,SHUMWAY/COLLEGE - COLLEGE ST
10218,SHUMWAY/MAIN - MAIN ST
10219,SHUTESBURY RD
10220,SIMPLE GIFTS FARM - NORTH PLEASANT ST
10224,SLOBODY BUILDING - UNIVERSITY DR
10225,SMITH ST
10227,SMITH/KELLOGG - SMITH ST
10228,SNELL/NORTHAMPTON - NORTHAMPTON RD
10229,SNELL/SOUTH PLEASANT - SOUTH PLEASANT ST
10231,SNELL/WOODS (RAIL ROAD BRIDGE) - SNELL ST
10234,SOUTH AMHERST CAMPUS - SOUTH EAST ST
10235,SOUTH AMHERST TOWN COMMON - SOUTH EAST ST
10237,SOUTH CONGREGATIONAL CHURCH - SOUTH EAST ST
10248,SOUTH EAST ST
10332,SOUTH EAST/ CV RAIL ROAD - SOUTH EAST ST
10334,SOUTH EAST/BAY - BAY RD
10336,SOUTH EAST/BELCHERTOWN - BELCHERTOWN RD
10339,SOUTH EAST/COLLEGE - SOUTH EAST ST
10341,SOUTH EAST/EVENINGSTAR DR - EVENINGSTAR DR
10342,SOUTH EAST/MAIN - MAIN ST
10344,SOUTH EAST/MILL - SOUTH EAST ST
10350,SOUTH EAST/SHAYS - SOUTH EAST ST
10351,SOUTH EAST/STANLEY - SOUTH EAST ST
10357,SOUTH EAST/SWALLOW FARMS - SOUTH EAST ST
10358,SOUTH PLEASANT ST
10386,SOUTH PLEASANT/COLLEGE - SOUTH PLEASANT ST
10389,SOUTH PLEASANT/EAST HADLEY - EAST HADLEY RD
10390,SOUTH PLEASANT/MAIN - MAIN ST
10392,SOUTH PLEASANT/MEMORIAL - SOUTH PLEASANT ST
10393,SOUTH PLEASANT/NORTHAMPTON - NORTHAMPTON RD
10399,SOUTH PLEASANT/SELLEN - SOUTH PLEASANT ST
10407,SOUTH PLEASANT/SNELL - SOUTH PLEASANT ST
10411,SOUTH PLEASANT/SPRING ST LOT - SOUTH PLEASANT ST
10417,SOUTH PROSPECT ST
10431,SOUTH PROSPECT/NORTHAMPTON - NORTHAMPTON RD
10432,SOUTH PROSPECT/SELLEN - SOUTH PROSPECT ST
10434,SOUTH WHITNEY ST
10435,SOUTH WHITNEY/COLLEGE - COLLEGE ST
10436,SOUTH WHITNEY/MAIN - MAIN ST
10438,SOUTHPOINT 1 - EAST HADLEY RD
10439,SOUTHPOINT 103D - EAST HADLEY RD
10440,SOUTHPOINT 105F - EAST HADLEY RD
10441,SOUTHPOINT 109J - EAST HADLEY RD
10442,SOUTHPOINT 42A (OFFICE) - EAST HADLEY RD
10443,SOUTHPOINT 63 - EAST HADLEY RD
10444,SOUTHPOINT 87 - EAST HADLEY RD
10445,SOUTHPOINT 99C - EAST HADLEY RD
10446,SOUTHPOINT APTS - EAST HADLEY RD
10447,SOUTHPOINT BLG 44 - EAST HADLEY RD
10448,SPAULDING ST
10451,SPAULDING/MAIN - MAIN ST
10452,SPEEDWAY - WEST ST
10459,SPIRIT HAUS - COLLEGE ST
10466,SPOKE
10497,SPRING ST
10503,SPRING ST LOT/SOUTH PLEASANT - SPRING ST
10508,SPRING/BOLTWOOD AVE - BOLTWOOD AVE
10509,SPRING/CHURCHILL - SPRING ST
10510,SPRING/MULLEN - SPRING ST
10511,SPRUCE RIDGE APTS - HIGH ST
10512,ST BRIGIDS CHURCH - NORTH PLEASANT ST
10521,ST BRIGIDS PARISH HALL - NORTH PROSPECT ST
10522,STACKERS - NORTH PLEASANT ST
10533,STAMELL STRINGED INSTRUMENTS - KELLOGG AVE
10534,STANLEY/SOUTH EAST - SOUTH EAST ST
10535,STARBUCKS - NORTH PLEASANT ST
10544,STATE ST
10551,STATE/BRIDGE - BRIDGE ST
10552,STATE/MILL ST - STATE ST
10553,STATE/SAND HILL - STATE ST
10554,STATION RD
10563,STATION/SOUTH EAST - SOUTH EAST ST
10565,STAVROS - OLD FARM RD
10568,STONY HILL RD
10570,STONY HILL/HEATHERSTONE - STONY HILL RD
10571,STRONG ST
10603,STRONG/EAST PLEASANT - EAST PLEASANT ST
10605,STRONG/HILLS - STRONG ST
10606,STRONG/NORTH EAST - NORTH EAST ST
10610,STRONG/RED GATE - STRONG ST
10611,STRONG/WILDWOOD - STRONG ST
10613,STYLES BY DEBORAH - MAIN ST
10615,SUBWAY - COLLEGE ST
10618,SUBWAY - MAIN ST
10635,SUMMER - SUMMER ST
10636,SUMMER ST
10650,SUMMER/MILL ST - MILL ST
10652,SUMMER/MONTAGUE - MONTAGUE RD
10654,SUMMERHILL BUSINESS FORMS - WEST POMEROY LN
10655,SUNDERLAND RD
10668,SUNDERLAND TOWN LINE/RTE 116 - SUNDERLAND RD
10672,SUNDERLAND/COWLS - SUNDERLAND RD
10673,SUNDERLAND/RTE 116 - SUNDERLAND RD
10681,SUNOCO - BELCHERTOWN RD
10683,SUNSET AVE
10692,SUNSET GRILL & PIZZA (FORMERLY COLLEGE PIZZA) - FEARING ST
10694,SUNSET/FEARING - SUNSET AVE
10697,SUNSET/NORTH HADLEY
10698,SUPER CUTS - UNIVERSITY DR
10699,TAMARACK DR
10700,TAN BROOK D - EAST PLEASANT ST
10702,TAYLOR DAVIS LANDSCAPE - WEST POMEROY LN
10704,TAYLOR ST
10707,TAYLOR/GRAY - GRAY ST
10708,TD BANK - TRIANGLE ST
10713,TEABERRY LN
10714,TEAGNO CONSTRUCTION INC - TRIANGLE ST
10715,TENNIS BARN (AMHERST COLLEGE) - EAST DR
10716,THE BLUE MARBLE - NORTH PLEASANT ST
10717,THE WORKS - NORTH PLEASANT ST
10725,THETA CHI - NORTH PLEASANT ST
10727,TOWN COMMON - SOUTH PLEASANT ST
10735,TOWN HALL - BOLTWOOD AVE
10742,TOWNEHOUSE - MEADOW ST
10743,TOWNEHOUSE 13 - MEADOW ST
10744,TOWNEHOUSE 47 - MEADOW ST
10745,TOWNEHOUSE 67 - MEADOW ST
10746,TOWNEHOUSE 75 - MEADOW ST
10747,TOWNEHOUSE APARTMENTS - MEADOW ST
10749,TOWNHOUSE 73 - MEADOW ST
10751,TOY BOX - NORTH PLEASANT ST
10756,TRIANGLE FAMILY DENTAL - TRIANGLE ST
10760,TRIANGLE ST
10773,TRIANGLE ST ROTARY - TRIANGLE ST
10779,TRIANGLE/ KELLOGG - TRIANGLE ST
10781,TRIANGLE/COTTAGE - COTTAGE ST
10782,TRIANGLE/EAST PLEASANT - EAST PLEASANT ST
10785,TRIANGLE/MAIN - MAIN ST
10786,TRIANGLE/MATTOON - TRIANGLE ST
10788,TRIANGLE/NORTH PLEASANT - NORTH PLEASANT ST
10790,TRIANGLE/PRAY - TRIANGLE ST
10791,TRIANGLE/SMITH - TRIANGLE ST
10792,TRILLIUM WAY
10795,TUCKER TAFT BUILDING - NORTH PLEASANT ST
10798,TUCKERMAN LN
10799,TYLER PL
10800,UMPD (UMASS) - EAST PLEASANT ST
10803,UNITARIAN MEETINGHOUSE-UNITARIAN UNIVERSALIST - NORTH PLEASANT ST
10808,UNIVERSITY DR
10830,UNIVERSITY LIQUORS - UNIVERSITY DR
10832,UNIVERSITY/AMITY - AMITY ST
10834,UNIVERSITY/NORTHAMPTON - NORTHAMPTON RD
10842,VACANT (FORMERLY) ANNIES GARDEN STORE - SUNDERLAND RD
10843,VALENTINE HALL (AMHERST COLLEGE) - COLLEGE ST
10844,VALLEY LANE/FARVIEW - FARVIEW WAY
10845,VALLEY LN
10846,VALLEY MEDICAL GROUP - HALL DR
10848,VALLEY VIEW DR
10850,VAN METER DR
10851,VERACRUZANA - SOUTH PLEASANT ST
10857,VESPA - AMITY ST
10859,VFW - MAIN ST
10862,VILLAGE PARK - EAST PLEASANT ST
10864,VILLAGE PARK (OFFICE) - EAST PLEASANT ST
10866,VILLAGE PARK 123 - EAST PLEASANT ST
10867,VILLAGE PARK 127 - EAST PLEASANT ST
10868,VILLAGE PARK 13 - EAST PLEASANT ST
10869,VILLAGE PARK 131 - EAST PLEASANT ST
10870,VILLAGE PARK 191 - EAST PLEASANT ST
10871,VILLAGE PARK 23 - EAST PLEASANT ST
10872,VILLAGE PARK 24 - EAST PLEASANT ST
10873,VILLAGE PARK 5 - EAST PLEASANT ST
10874,VILLAGE PARK 58 - EAST PLEASANT ST
10875,VILLAGE PARK 71 - EAST PLEASANT ST
10876,VILLAGE PARK 85 - EAST PLEASANT ST
10878,VILLAGE PARK APTS/CONTACTS - EAST PLEASANT ST
10880,VILLAGE PARK/EAST PLEASANT - EAST PLEASANT ST
10881,WALNUT ST
10882,WAR MEMORIAL POOL - TRIANGLE ST
10883,WATSON FARMS 1 - MAIN ST
10884,WATSON FARMS 7 - MAIN ST
10885,WENTWORTH CONSERVATION AREA - STANLEY ST
10887,WEST BAY RD
10889,WEST BAY/SPENCER - WEST BAY RD
10892,WEST CEMETERY - TRIANGLE ST
10896,WEST POMEROY LN
10902,WEST POMEROY/FARMINGTON - FARMINGTON RD
10905,WEST ST
10947,WEST/COUNTRY CORNERS - WEST ST
10949,WEST/DENNIS - WEST ST
10950,WEST/GLENDALE - WEST ST
10951,WEST/LONGMEADOW - WEST ST
10953,WEST/MILL - MILL LN
10954,WEST/POMEROY - WEST ST
10956,WEST/POTWINE - POTWINE LN
10957,WEST/POTWINE - WEST ST
10959,WEST/SHAYS - WEST ST
10960,WEST/WEST POMEROY - WEST ST
10962,WILD SIDE SMOKE SHOP - COLLEGE ST
10963,WILDFLOWER DR
10979,WILDFLOWER/LADY SLIPPER - WILDFLOWER DR
10980,WILDFLOWER/TEABERRY - WILDFLOWER DR
10984,WILDWOOD CEMETERY - STRONG ST
10988,WILDWOOD SCHOOL - STRONG ST
11001,WILLOW LN
11002,WOODSIDE AVE
11003,WOODSIDE/NORTHAMPTON - NORTHAMPTON RD
11004,WORCESTER DINING COMMONS (UMASS) - NORTH PLEASANT ST
11005,WYSOCKI HOUSE - NORTH PLEASANT ST
11007,ZANNA - NORTH PLEASANT ST
11012,ZHANGS - WEST ST
